0, 0, Header, 1, 3, 480
1, 0, Start_track
1, 0, Tempo, 499969
1, 0, Time_signature, 3, 2, 24, 8
1, 0, Copyright_t, "Copyright \251 1999 My Music Company"
1, 0, Title_t, "Piano Solo"
1, 50424, Tempo, 504065
1, 50448, Tempo, 508417
1, 50472, Tempo, 512769
1, 50496, Tempo, 517121
1, 50520, Tempo, 521729
1, 50544, Tempo, 526081
1, 50568, Tempo, 530945
1, 50592, Tempo, 535553
1, 50616, Tempo, 540417
1, 50640, Tempo, 545281
1, 50664, Tempo, 550401
1, 50688, Tempo, 555521
1, 50712, Tempo, 560641
1, 50736, Tempo, 566017
1, 50760, Tempo, 571393
1, 50784, Tempo, 576769
1, 50808, Tempo, 582401
1, 50832, Tempo, 588033
1, 50856, Tempo, 593921
1, 50880, Tempo, 599809
1, 50904, Tempo, 605953
1, 50928, Tempo, 612097
1, 50952, Tempo, 618497
1, 50976, Tempo, 624897
1, 51000, Tempo, 631553
1, 51024, Tempo, 638209
1, 51048, Tempo, 645121
1, 51072, Tempo, 652033
1, 51096, Tempo, 659201
1, 51120, Tempo, 666625
1, 51144, Tempo, 674049
1, 51168, Tempo, 681729
1, 51192, Tempo, 689665
1, 51216, Tempo, 697601
1, 51240, Tempo, 705793
1, 51264, Tempo, 714241
1, 51288, Tempo, 722689
1, 51312, Tempo, 731649
1, 51336, Tempo, 740609
1, 51360, Tempo, 749825
1, 51384, Tempo, 759297
1, 51408, Tempo, 769025
1, 51432, Tempo, 779009
1, 51456, Tempo, 789249
1, 51480, Tempo, 800001
1, 51504, Tempo, 810753
1, 51528, Tempo, 821761
1, 51552, Tempo, 833281
1, 51576, Tempo, 845057
1, 51600, Tempo, 857089
1, 51624, Tempo, 869377
1, 51648, Tempo, 882177
1, 51672, Tempo, 895489
1, 51696, Tempo, 909057
1, 51720, Tempo, 922881
1, 51840, Tempo, 499969
1, 74904, Tempo, 499713
1, 74928, Tempo, 499457
1, 74952, Tempo, 499201
1, 74976, Tempo, 498945
1, 75000, Tempo, 498689
1, 75024, Tempo, 498433
1, 75048, Tempo, 498177
1, 75072, Tempo, 497921
1, 75096, Tempo, 497665
1, 75120, Tempo, 497409
1, 75144, Tempo, 497153
1, 75168, Tempo, 496897
1, 75192, Tempo, 496641
1, 75216, Tempo, 496385
1, 75240, Tempo, 496129
1, 75264, Tempo, 495873
1, 75288, Tempo, 495617
1, 75312, Tempo, 495361
1, 75336, Tempo, 495105
1, 75360, Tempo, 494849
1, 75384, Tempo, 494593
1, 75408, Tempo, 494337
1, 75432, Tempo, 494081
1, 75456, Tempo, 493825
1, 75480, Tempo, 493569
1, 75504, Tempo, 493313
1, 75528, Tempo, 493057
1, 75552, Tempo, 492801
1, 75576, Tempo, 492545
1, 75600, Tempo, 492289
1, 75624, Tempo, 492033
1, 75648, Tempo, 491777
1, 75672, Tempo, 491521
1, 75696, Tempo, 491265
1, 75720, Tempo, 491009
1, 75744, Tempo, 490753
1, 75768, Tempo, 490753
1, 75792, Tempo, 490497
1, 75816, Tempo, 490241
1, 75840, Tempo, 489985
1, 75864, Tempo, 489729
1, 75888, Tempo, 489473
1, 75912, Tempo, 489217
1, 75936, Tempo, 488961
1, 75960, Tempo, 488705
1, 75984, Tempo, 488449
1, 76008, Tempo, 488193
1, 76032, Tempo, 487937
1, 76056, Tempo, 487681
1, 76080, Tempo, 487425
1, 76104, Tempo, 487169
1, 76128, Tempo, 486913
1, 76152, Tempo, 486657
1, 76176, Tempo, 486401
1, 76200, Tempo, 486145
1, 76224, Tempo, 486145
1, 76248, Tempo, 485889
1, 76272, Tempo, 485633
1, 76296, Tempo, 485377
1, 76320, Tempo, 485121
1, 76344, Tempo, 484865
1, 76368, Tempo, 484609
1, 76392, Tempo, 484353
1, 76416, Tempo, 484097
1, 76440, Tempo, 483841
1, 76464, Tempo, 483585
1, 76488, Tempo, 483329
1, 76512, Tempo, 483073
1, 76536, Tempo, 482817
1, 76560, Tempo, 482561
1, 76584, Tempo, 482561
1, 76608, Tempo, 482305
1, 76632, Tempo, 482049
1, 76656, Tempo, 481793
1, 76680, Tempo, 481537
1, 76704, Tempo, 481281
1, 76728, Tempo, 481025
1, 76752, Tempo, 480769
1, 76776, Tempo, 480513
1, 76800, Tempo, 480257
1, 76824, Tempo, 480001
1, 76848, Tempo, 479745
1, 76872, Tempo, 479489
1, 76896, Tempo, 479489
1, 76920, Tempo, 479233
1, 76944, Tempo, 478977
1, 76968, Tempo, 478721
1, 76992, Tempo, 478465
1, 77016, Tempo, 478209
1, 77040, Tempo, 477953
1, 77064, Tempo, 477697
1, 77088, Tempo, 477441
1, 77112, Tempo, 477185
1, 77136, Tempo, 476929
1, 77160, Tempo, 476929
1, 77184, Tempo, 476673
1, 77208, Tempo, 476417
1, 77232, Tempo, 476161
1, 77256, Tempo, 475905
1, 77280, Tempo, 475649
1, 77304, Tempo, 475393
1, 77328, Tempo, 475137
1, 77352, Tempo, 474881
1, 77376, Tempo, 474625
1, 77400, Tempo, 474625
1, 77424, Tempo, 474369
1, 77448, Tempo, 474113
1, 77472, Tempo, 473857
1, 77496, Tempo, 473601
1, 77520, Tempo, 473345
1, 77544, Tempo, 473089
1, 77568, Tempo, 472833
1, 77592, Tempo, 472577
1, 77616, Tempo, 472577
1, 77640, Tempo, 472321
1, 77664, Tempo, 472065
1, 77688, Tempo, 471809
1, 77712, Tempo, 471553
1, 77736, Tempo, 471297
1, 77760, Tempo, 471041
1, 77784, Tempo, 470785
1, 77808, Tempo, 470529
1, 77832, Tempo, 470529
1, 77856, Tempo, 470273
1, 77880, Tempo, 470017
1, 77904, Tempo, 469761
1, 77928, Tempo, 469505
1, 77952, Tempo, 469249
1, 77976, Tempo, 468993
1, 78000, Tempo, 468737
1, 78024, Tempo, 468737
1, 78048, Tempo, 468481
1, 78072, Tempo, 468225
1, 78096, Tempo, 467969
1, 78120, Tempo, 467713
1, 78144, Tempo, 467457
1, 78168, Tempo, 467201
1, 78192, Tempo, 466945
1, 78216, Tempo, 466945
1, 78240, Tempo, 466689
1, 78264, Tempo, 466433
1, 78288, Tempo, 466177
1, 78312, Tempo, 465921
1, 78336, Tempo, 465665
1, 78360, Tempo, 465409
1, 78384, Tempo, 465409
1, 78408, Tempo, 465153
1, 78432, Tempo, 464897
1, 78456, Tempo, 464641
1, 78480, Tempo, 464385
1, 78504, Tempo, 464129
1, 78528, Tempo, 463873
1, 78552, Tempo, 463873
1, 78576, Tempo, 463617
1, 78600, Tempo, 463361
1, 78624, Tempo, 463105
1, 78648, Tempo, 462849
1, 78672, Tempo, 462593
1, 78696, Tempo, 462337
1, 78720, Tempo, 462337
1, 78744, Tempo, 462081
1, 78768, Tempo, 461825
1, 78792, Tempo, 461569
1, 78816, Tempo, 461313
1, 78840, Tempo, 461057
1, 78864, Tempo, 460801
1, 78888, Tempo, 460801
1, 78912, Tempo, 460545
1, 78936, Tempo, 460289
1, 78960, Tempo, 460033
1, 78984, Tempo, 459777
1, 79008, Tempo, 459521
1, 79032, Tempo, 459521
1, 79056, Tempo, 459265
1, 79080, Tempo, 459009
1, 79104, Tempo, 458753
1, 79128, Tempo, 458497
1, 79152, Tempo, 458241
1, 79176, Tempo, 458241
1, 79200, Tempo, 457985
1, 79224, Tempo, 457729
1, 79248, Tempo, 457473
1, 79272, Tempo, 457217
1, 79296, Tempo, 456961
1, 79320, Tempo, 456961
1, 79344, Tempo, 456705
1, 79368, Tempo, 456449
1, 79392, Tempo, 456193
1, 79416, Tempo, 455937
1, 79440, Tempo, 455681
1, 79464, Tempo, 455681
1, 79488, Tempo, 455425
1, 79512, Tempo, 455169
1, 79536, Tempo, 454913
1, 79560, Tempo, 454657
1, 79584, Tempo, 454401
1, 79608, Tempo, 454401
1, 79632, Tempo, 454145
1, 79656, Tempo, 453889
1, 79680, Tempo, 453633
1, 79704, Tempo, 453377
1, 79728, Tempo, 453377
1, 79752, Tempo, 453121
1, 79776, Tempo, 452865
1, 79800, Tempo, 452609
1, 79824, Tempo, 452353
1, 79848, Tempo, 452097
1, 79872, Tempo, 452097
1, 79896, Tempo, 451841
1, 79920, Tempo, 451585
1, 79944, Tempo, 451329
1, 79968, Tempo, 451073
1, 79992, Tempo, 451073
1, 80016, Tempo, 450817
1, 80040, Tempo, 450561
1, 80064, Tempo, 450305
1, 80088, Tempo, 450049
1, 80112, Tempo, 450049
1, 80136, Tempo, 449793
1, 80160, Tempo, 449537
1, 80184, Tempo, 449281
1, 80208, Tempo, 449025
1, 80232, Tempo, 449025
1, 80256, Tempo, 448769
1, 80280, Tempo, 448513
1, 80304, Tempo, 448257
1, 80328, Tempo, 448001
1, 80352, Tempo, 448001
1, 80376, Tempo, 447745
1, 80400, Tempo, 447489
1, 80424, Tempo, 447233
1, 80448, Tempo, 446977
1, 80472, Tempo, 446977
1, 80496, Tempo, 446721
1, 80520, Tempo, 446465
1, 80544, Tempo, 446209
1, 80568, Tempo, 445953
1, 80592, Tempo, 445953
1, 80616, Tempo, 445697
1, 80640, Tempo, 445441
1, 80664, Tempo, 445185
1, 80688, Tempo, 444929
1, 80712, Tempo, 444929
1, 80736, Tempo, 444673
1, 80760, Tempo, 444417
1, 80784, Tempo, 444161
1, 80808, Tempo, 444161
1, 80832, Tempo, 443905
1, 80856, Tempo, 443649
1, 80880, Tempo, 443393
1, 80904, Tempo, 443137
1, 80928, Tempo, 443137
1, 80952, Tempo, 442881
1, 80976, Tempo, 442625
1, 81000, Tempo, 442369
1, 81024, Tempo, 442113
1, 81048, Tempo, 442113
1, 81072, Tempo, 441857
1, 81096, Tempo, 441601
1, 81120, Tempo, 441345
1, 81144, Tempo, 441345
1, 81168, Tempo, 441089
1, 81192, Tempo, 440833
1, 81216, Tempo, 440577
1, 81240, Tempo, 440577
1, 81264, Tempo, 440321
1, 81288, Tempo, 440065
1, 81312, Tempo, 439809
1, 81336, Tempo, 439553
1, 81360, Tempo, 439553
1, 81384, Tempo, 439297
1, 81408, Tempo, 439041
1, 81432, Tempo, 438785
1, 81456, Tempo, 438785
1, 81480, Tempo, 438529
1, 81504, Tempo, 438273
1, 81528, Tempo, 438017
1, 81552, Tempo, 438017
1, 81576, Tempo, 437761
1, 81600, Tempo, 437505
1, 81624, Tempo, 437249
1, 81648, Tempo, 436993
1, 81672, Tempo, 436993
1, 81696, Tempo, 436737
1, 81720, Tempo, 436481
1, 81744, Tempo, 436225
1, 81768, Tempo, 436225
1, 81792, Tempo, 435969
1, 81816, Tempo, 435713
1, 81840, Tempo, 435457
1, 81864, Tempo, 435457
1, 81888, Tempo, 435201
1, 81912, Tempo, 434945
1, 81936, Tempo, 434689
1, 81960, Tempo, 434689
1, 81984, Tempo, 434433
1, 82008, Tempo, 434177
1, 82032, Tempo, 433921
1, 82056, Tempo, 433921
1, 82080, Tempo, 433665
1, 82104, Tempo, 433409
1, 82128, Tempo, 433153
1, 82152, Tempo, 433153
1, 82176, Tempo, 432897
1, 82200, Tempo, 432641
1, 82224, Tempo, 432385
1, 82248, Tempo, 432385
1, 82272, Tempo, 432129
1, 82296, Tempo, 431873
1, 82320, Tempo, 431617
1, 82344, Tempo, 431617
1, 82368, Tempo, 431361
1, 82392, Tempo, 431105
1, 82416, Tempo, 431105
1, 82440, Tempo, 430849
1, 82464, Tempo, 430593
1, 82488, Tempo, 430337
1, 82512, Tempo, 430337
1, 82536, Tempo, 430081
1, 82560, Tempo, 429825
1, 82584, Tempo, 429569
1, 82608, Tempo, 429569
1, 82632, Tempo, 429313
1, 82656, Tempo, 429057
1, 82680, Tempo, 428801
1, 82704, Tempo, 428801
1, 82728, Tempo, 428545
1, 82752, Tempo, 428289
1, 82776, Tempo, 428033
1, 82800, Tempo, 428033
1, 82824, Tempo, 427777
1, 82848, Tempo, 427521
1, 82872, Tempo, 427521
1, 82896, Tempo, 427265
1, 82920, Tempo, 427009
1, 82944, Tempo, 426753
1, 82968, Tempo, 426753
1, 82992, Tempo, 426497
1, 83016, Tempo, 426241
1, 83040, Tempo, 426241
1, 83064, Tempo, 425985
1, 83088, Tempo, 425729
1, 83112, Tempo, 425473
1, 83136, Tempo, 425473
1, 83160, Tempo, 425217
1, 83184, Tempo, 424961
1, 83208, Tempo, 424705
1, 83232, Tempo, 424705
1, 83256, Tempo, 424449
1, 83280, Tempo, 424193
1, 83304, Tempo, 424193
1, 83328, Tempo, 423937
1, 83352, Tempo, 423681
1, 83376, Tempo, 423425
1, 83400, Tempo, 423425
1, 83424, Tempo, 423169
1, 83448, Tempo, 422913
1, 83472, Tempo, 422913
1, 83496, Tempo, 422657
1, 83520, Tempo, 422401
1, 83544, Tempo, 422145
1, 83568, Tempo, 422145
1, 83592, Tempo, 421889
1, 83616, Tempo, 421633
1, 83640, Tempo, 421633
1, 83664, Tempo, 421377
1, 83688, Tempo, 421121
1, 83712, Tempo, 421121
1, 83736, Tempo, 420865
1, 83760, Tempo, 420609
1, 83784, Tempo, 420353
1, 83808, Tempo, 420353
1, 83832, Tempo, 420097
1, 83856, Tempo, 419841
1, 83880, Tempo, 419841
1, 83904, Tempo, 419585
1, 83928, Tempo, 419329
1, 83952, Tempo, 419329
1, 83976, Tempo, 419073
1, 84000, Tempo, 418817
1, 84024, Tempo, 418561
1, 84048, Tempo, 418561
1, 84072, Tempo, 418305
1, 84096, Tempo, 418049
1, 84120, Tempo, 418049
1, 84144, Tempo, 417793
1, 84168, Tempo, 417537
1, 84192, Tempo, 417537
1, 84216, Tempo, 417281
1, 84240, Tempo, 417025
1, 84264, Tempo, 416769
1, 84288, Tempo, 416769
1, 84312, Tempo, 416513
1, 84336, Tempo, 416257
1, 84360, Tempo, 416257
1, 84384, Tempo, 416001
1, 84408, Tempo, 415745
1, 84432, Tempo, 415745
1, 84456, Tempo, 415489
1, 84480, Tempo, 415233
1, 84504, Tempo, 415233
1, 84528, Tempo, 414977
1, 84552, Tempo, 414721
1, 84576, Tempo, 414721
1, 84600, Tempo, 414465
1, 84624, Tempo, 414209
1, 84648, Tempo, 413953
1, 84672, Tempo, 413953
1, 84696, Tempo, 413697
1, 84720, Tempo, 413441
1, 84744, Tempo, 413441
1, 84768, Tempo, 413185
1, 84792, Tempo, 412929
1, 84816, Tempo, 412929
1, 84840, Tempo, 412673
1, 84864, Tempo, 412417
1, 84888, Tempo, 412417
1, 84912, Tempo, 412161
1, 84936, Tempo, 411905
1, 84960, Tempo, 411905
1, 84984, Tempo, 411649
1, 85008, Tempo, 411393
1, 85032, Tempo, 411393
1, 85056, Tempo, 411137
1, 85080, Tempo, 410881
1, 85104, Tempo, 410881
1, 85128, Tempo, 410625
1, 85152, Tempo, 410369
1, 85176, Tempo, 410369
1, 85200, Tempo, 410113
1, 85224, Tempo, 409857
1, 85248, Tempo, 409857
1, 85272, Tempo, 409601
1, 85296, Tempo, 409345
1, 85320, Tempo, 409345
1, 85344, Tempo, 409089
1, 85368, Tempo, 408833
1, 85392, Tempo, 408833
1, 85416, Tempo, 408577
1, 85440, Tempo, 408321
1, 85464, Tempo, 408321
1, 85488, Tempo, 408065
1, 85512, Tempo, 407809
1, 85536, Tempo, 407809
1, 85560, Tempo, 407553
1, 85584, Tempo, 407297
1, 85608, Tempo, 407297
1, 85632, Tempo, 407041
1, 85656, Tempo, 406785
1, 85680, Tempo, 406785
1, 85704, Tempo, 406529
1, 85728, Tempo, 406273
1, 85752, Tempo, 406273
1, 85776, Tempo, 406017
1, 85800, Tempo, 405761
1, 85824, Tempo, 405761
1, 85848, Tempo, 405505
1, 85872, Tempo, 405249
1, 85896, Tempo, 405249
1, 85920, Tempo, 404993
1, 85944, Tempo, 404737
1, 85968, Tempo, 404737
1, 85992, Tempo, 404481
1, 86016, Tempo, 404481
1, 86040, Tempo, 404225
1, 86064, Tempo, 403969
1, 86088, Tempo, 403969
1, 86112, Tempo, 403713
1, 86136, Tempo, 403457
1, 86160, Tempo, 403457
1, 86184, Tempo, 403201
1, 86208, Tempo, 402945
1, 86232, Tempo, 402945
1, 86256, Tempo, 402689
1, 86280, Tempo, 402433
1, 86304, Tempo, 402433
1, 86328, Tempo, 402177
1, 86352, Tempo, 401921
1, 86376, Tempo, 401921
1, 86400, Tempo, 401665
1, 86424, Tempo, 401665
1, 86448, Tempo, 401409
1, 86472, Tempo, 401153
1, 86496, Tempo, 401153
1, 86520, Tempo, 400897
1, 86544, Tempo, 400641
1, 86568, Tempo, 400641
1, 86592, Tempo, 400385
1, 86616, Tempo, 400129
1, 86640, Tempo, 400129
1, 86664, Tempo, 399873
1, 86688, Tempo, 399873
1, 86712, Tempo, 399617
1, 86736, Tempo, 399361
1, 86760, Tempo, 399361
1, 86784, Tempo, 399105
1, 86808, Tempo, 398849
1, 86832, Tempo, 398849
1, 86856, Tempo, 398593
1, 86880, Tempo, 398337
1, 86904, Tempo, 398337
1, 86928, Tempo, 398081
1, 86952, Tempo, 398081
1, 86976, Tempo, 397825
1, 87000, Tempo, 397569
1, 87024, Tempo, 397569
1, 87048, Tempo, 397313
1, 87072, Tempo, 397057
1, 87096, Tempo, 397057
1, 87120, Tempo, 396801
1, 87144, Tempo, 396801
1, 87168, Tempo, 396545
1, 87192, Tempo, 396289
1, 87216, Tempo, 396289
1, 87240, Tempo, 396033
1, 87264, Tempo, 395777
1, 87288, Tempo, 395777
1, 87312, Tempo, 395521
1, 87336, Tempo, 395521
1, 87360, Tempo, 395265
1, 87384, Tempo, 395009
1, 87408, Tempo, 395009
1, 87432, Tempo, 394753
1, 87456, Tempo, 394497
1, 87480, Tempo, 394497
1, 87504, Tempo, 394241
1, 87528, Tempo, 394241
1, 87552, Tempo, 393985
1, 87576, Tempo, 393729
1, 87600, Tempo, 393729
1, 87624, Tempo, 393473
1, 87648, Tempo, 393217
1, 87672, Tempo, 393217
1, 87696, Tempo, 392961
1, 87720, Tempo, 392961
1, 87744, Tempo, 392705
1, 87768, Tempo, 392449
1, 87792, Tempo, 392449
1, 87816, Tempo, 392193
1, 87840, Tempo, 392193
1, 87864, Tempo, 391937
1, 87888, Tempo, 391681
1, 87912, Tempo, 391681
1, 87936, Tempo, 391425
1, 87960, Tempo, 391425
1, 87984, Tempo, 391169
1, 88008, Tempo, 390913
1, 88032, Tempo, 390913
1, 88056, Tempo, 390657
1, 88080, Tempo, 390401
1, 88104, Tempo, 390401
1, 88128, Tempo, 390145
1, 88152, Tempo, 390145
1, 88176, Tempo, 389889
1, 88200, Tempo, 389633
1, 88224, Tempo, 389633
1, 88248, Tempo, 389377
1, 88272, Tempo, 389377
1, 88296, Tempo, 389121
1, 88320, Tempo, 388865
1, 88344, Tempo, 388865
1, 88368, Tempo, 388609
1, 88392, Tempo, 388609
1, 88416, Tempo, 388353
1, 88440, Tempo, 388097
1, 88464, Tempo, 388097
1, 88488, Tempo, 387841
1, 88512, Tempo, 387841
1, 88536, Tempo, 387585
1, 88560, Tempo, 387329
1, 88584, Tempo, 387329
1, 88608, Tempo, 387073
1, 88632, Tempo, 387073
1, 88656, Tempo, 386817
1, 88680, Tempo, 386561
1, 88704, Tempo, 386561
1, 88728, Tempo, 386305
1, 88752, Tempo, 386305
1, 88776, Tempo, 386049
1, 88800, Tempo, 385793
1, 88824, Tempo, 385793
1, 88848, Tempo, 385537
1, 88872, Tempo, 385537
1, 88896, Tempo, 385281
1, 88920, Tempo, 385281
1, 88944, Tempo, 385025
1, 88968, Tempo, 384769
1, 88992, Tempo, 384769
1, 89016, Tempo, 384513
1, 89040, Tempo, 384513
1, 89064, Tempo, 384257
1, 89088, Tempo, 384001
1, 89112, Tempo, 384001
1, 89136, Tempo, 383745
1, 89160, Tempo, 383745
1, 89184, Tempo, 383489
1, 89208, Tempo, 383233
1, 89232, Tempo, 383233
1, 89256, Tempo, 382977
1, 89280, Tempo, 382977
1, 89304, Tempo, 382721
1, 89328, Tempo, 382721
1, 89352, Tempo, 382465
1, 89376, Tempo, 382209
1, 89400, Tempo, 382209
1, 89424, Tempo, 381953
1, 89448, Tempo, 381953
1, 89472, Tempo, 381697
1, 89496, Tempo, 381697
1, 89520, Tempo, 381441
1, 89544, Tempo, 381185
1, 89568, Tempo, 381185
1, 89592, Tempo, 380929
1, 89616, Tempo, 380929
1, 89640, Tempo, 380673
1, 89664, Tempo, 380417
1, 89688, Tempo, 380417
1, 89712, Tempo, 380161
1, 89736, Tempo, 380161
1, 89760, Tempo, 379905
1, 89784, Tempo, 379905
1, 89808, Tempo, 379649
1, 89832, Tempo, 379393
1, 89856, Tempo, 379393
1, 89880, Tempo, 379137
1, 89904, Tempo, 379137
1, 89928, Tempo, 378881
1, 89952, Tempo, 378881
1, 89976, Tempo, 378625
1, 90000, Tempo, 378369
1, 90024, Tempo, 378369
1, 90048, Tempo, 378113
1, 90072, Tempo, 378113
1, 90096, Tempo, 377857
1, 90120, Tempo, 377857
1, 90144, Tempo, 377601
1, 90168, Tempo, 377345
1, 90192, Tempo, 377345
1, 90216, Tempo, 377089
1, 90240, Tempo, 377089
1, 90264, Tempo, 376833
1, 90288, Tempo, 376833
1, 90312, Tempo, 376577
1, 90336, Tempo, 376321
1, 90360, Tempo, 376321
1, 90384, Tempo, 376065
1, 90408, Tempo, 376065
1, 90432, Tempo, 375809
1, 90456, Tempo, 375809
1, 90480, Tempo, 375553
1, 90504, Tempo, 375553
1, 90528, Tempo, 375297
1, 90552, Tempo, 375041
1, 90576, Tempo, 375041
1, 90600, Tempo, 374785
1, 96984, Tempo, 375041
1, 97008, Tempo, 375297
1, 97032, Tempo, 375553
1, 97056, Tempo, 375809
1, 97080, Tempo, 375809
1, 97104, Tempo, 376065
1, 97128, Tempo, 376321
1, 97152, Tempo, 376577
1, 97176, Tempo, 376833
1, 97200, Tempo, 376833
1, 97224, Tempo, 377089
1, 97248, Tempo, 377345
1, 97272, Tempo, 377601
1, 97296, Tempo, 377857
1, 97320, Tempo, 378113
1, 97344, Tempo, 378113
1, 97368, Tempo, 378369
1, 97392, Tempo, 378625
1, 97416, Tempo, 378881
1, 97440, Tempo, 379137
1, 97464, Tempo, 379137
1, 97488, Tempo, 379393
1, 97512, Tempo, 379649
1, 97536, Tempo, 379905
1, 97560, Tempo, 380161
1, 97584, Tempo, 380417
1, 97608, Tempo, 380417
1, 97632, Tempo, 380673
1, 97656, Tempo, 380929
1, 97680, Tempo, 381185
1, 97704, Tempo, 381441
1, 97728, Tempo, 381697
1, 97752, Tempo, 381697
1, 97776, Tempo, 381953
1, 97800, Tempo, 382209
1, 97824, Tempo, 382465
1, 97848, Tempo, 382721
1, 97872, Tempo, 382977
1, 97896, Tempo, 382977
1, 97920, Tempo, 383233
1, 97944, Tempo, 383489
1, 97968, Tempo, 383745
1, 97992, Tempo, 384001
1, 98016, Tempo, 384257
1, 98040, Tempo, 384257
1, 98064, Tempo, 384513
1, 98088, Tempo, 384769
1, 98112, Tempo, 385025
1, 98136, Tempo, 385281
1, 98160, Tempo, 385537
1, 98184, Tempo, 385793
1, 98208, Tempo, 385793
1, 98232, Tempo, 386049
1, 98256, Tempo, 386305
1, 98280, Tempo, 386561
1, 98304, Tempo, 386817
1, 98328, Tempo, 387073
1, 98352, Tempo, 387329
1, 98376, Tempo, 387329
1, 98400, Tempo, 387585
1, 98424, Tempo, 387841
1, 98448, Tempo, 388097
1, 98472, Tempo, 388353
1, 98496, Tempo, 388609
1, 98520, Tempo, 388865
1, 98544, Tempo, 388865
1, 98568, Tempo, 389121
1, 98592, Tempo, 389377
1, 98616, Tempo, 389633
1, 98640, Tempo, 389889
1, 98664, Tempo, 390145
1, 98688, Tempo, 390401
1, 98712, Tempo, 390657
1, 98736, Tempo, 390657
1, 98760, Tempo, 390913
1, 98784, Tempo, 391169
1, 98808, Tempo, 391425
1, 98832, Tempo, 391681
1, 98856, Tempo, 391937
1, 98880, Tempo, 392193
1, 98904, Tempo, 392449
1, 98928, Tempo, 392449
1, 98952, Tempo, 392705
1, 98976, Tempo, 392961
1, 99000, Tempo, 393217
1, 99024, Tempo, 393473
1, 99048, Tempo, 393729
1, 99072, Tempo, 393985
1, 99096, Tempo, 394241
1, 99120, Tempo, 394497
1, 99144, Tempo, 394497
1, 99168, Tempo, 394753
1, 99192, Tempo, 395009
1, 99216, Tempo, 395265
1, 99240, Tempo, 395521
1, 99264, Tempo, 395777
1, 99288, Tempo, 396033
1, 99312, Tempo, 396289
1, 99336, Tempo, 396545
1, 99360, Tempo, 396801
1, 99384, Tempo, 396801
1, 99408, Tempo, 397057
1, 99432, Tempo, 397313
1, 99456, Tempo, 397569
1, 99480, Tempo, 397825
1, 99504, Tempo, 398081
1, 99528, Tempo, 398337
1, 99552, Tempo, 398593
1, 99576, Tempo, 398849
1, 99600, Tempo, 399105
1, 99624, Tempo, 399105
1, 99648, Tempo, 399361
1, 99672, Tempo, 399617
1, 99696, Tempo, 399873
1, 99720, Tempo, 400129
1, 99744, Tempo, 400385
1, 99768, Tempo, 400641
1, 99792, Tempo, 400897
1, 99816, Tempo, 401153
1, 99840, Tempo, 401409
1, 99864, Tempo, 401665
1, 99888, Tempo, 401921
1, 99912, Tempo, 402177
1, 99936, Tempo, 402177
1, 99960, Tempo, 402433
1, 99984, Tempo, 402689
1, 100008, Tempo, 402945
1, 100032, Tempo, 403201
1, 100056, Tempo, 403457
1, 100080, Tempo, 403713
1, 100104, Tempo, 403969
1, 100128, Tempo, 404225
1, 100152, Tempo, 404481
1, 100176, Tempo, 404737
1, 100200, Tempo, 404993
1, 100224, Tempo, 405249
1, 100248, Tempo, 405505
1, 100272, Tempo, 405761
1, 100296, Tempo, 405761
1, 100320, Tempo, 406017
1, 100344, Tempo, 406273
1, 100368, Tempo, 406529
1, 100392, Tempo, 406785
1, 100416, Tempo, 407041
1, 100440, Tempo, 407297
1, 100464, Tempo, 407553
1, 100488, Tempo, 407809
1, 100512, Tempo, 408065
1, 100536, Tempo, 408321
1, 100560, Tempo, 408577
1, 100584, Tempo, 408833
1, 100608, Tempo, 409089
1, 100632, Tempo, 409345
1, 100656, Tempo, 409601
1, 100680, Tempo, 409857
1, 100704, Tempo, 410113
1, 100728, Tempo, 410369
1, 100752, Tempo, 410625
1, 100776, Tempo, 410881
1, 100800, Tempo, 411137
1, 100824, Tempo, 411393
1, 100848, Tempo, 411393
1, 100872, Tempo, 411649
1, 100896, Tempo, 411905
1, 100920, Tempo, 412161
1, 100944, Tempo, 412417
1, 100968, Tempo, 412673
1, 100992, Tempo, 412929
1, 101016, Tempo, 413185
1, 101040, Tempo, 413441
1, 101064, Tempo, 413697
1, 101088, Tempo, 413953
1, 101112, Tempo, 414209
1, 101136, Tempo, 414465
1, 101160, Tempo, 414721
1, 101184, Tempo, 414977
1, 101208, Tempo, 415233
1, 101232, Tempo, 415489
1, 101256, Tempo, 415745
1, 101280, Tempo, 416001
1, 101304, Tempo, 416257
1, 101328, Tempo, 416513
1, 101352, Tempo, 416769
1, 101376, Tempo, 417025
1, 101400, Tempo, 417281
1, 101424, Tempo, 417537
1, 101448, Tempo, 417793
1, 101472, Tempo, 418049
1, 101496, Tempo, 418305
1, 101520, Tempo, 418561
1, 101544, Tempo, 418817
1, 101568, Tempo, 419073
1, 101592, Tempo, 419329
1, 101616, Tempo, 419585
1, 101640, Tempo, 419841
1, 101664, Tempo, 420097
1, 101688, Tempo, 420353
1, 101712, Tempo, 420609
1, 101736, Tempo, 420865
1, 101760, Tempo, 421121
1, 101784, Tempo, 421377
1, 101808, Tempo, 421633
1, 101832, Tempo, 421889
1, 101856, Tempo, 422145
1, 101880, Tempo, 422401
1, 101904, Tempo, 422657
1, 101928, Tempo, 422913
1, 101952, Tempo, 423169
1, 101976, Tempo, 423425
1, 102000, Tempo, 423681
1, 102024, Tempo, 423937
1, 102048, Tempo, 424193
1, 102072, Tempo, 424705
1, 102096, Tempo, 424961
1, 102120, Tempo, 425217
1, 102144, Tempo, 425473
1, 102168, Tempo, 425729
1, 102192, Tempo, 425985
1, 102216, Tempo, 426241
1, 102240, Tempo, 426497
1, 102264, Tempo, 426753
1, 102288, Tempo, 427009
1, 102312, Tempo, 427265
1, 102336, Tempo, 427521
1, 102360, Tempo, 427777
1, 102384, Tempo, 428033
1, 102408, Tempo, 428289
1, 102432, Tempo, 428545
1, 102456, Tempo, 428801
1, 102480, Tempo, 429057
1, 102504, Tempo, 429313
1, 102528, Tempo, 429569
1, 102552, Tempo, 429825
1, 102576, Tempo, 430081
1, 102600, Tempo, 430593
1, 102624, Tempo, 430849
1, 102648, Tempo, 431105
1, 102672, Tempo, 431361
1, 102696, Tempo, 431617
1, 102720, Tempo, 431873
1, 102744, Tempo, 432129
1, 102768, Tempo, 432385
1, 102792, Tempo, 432641
1, 102816, Tempo, 432897
1, 102840, Tempo, 433153
1, 102864, Tempo, 433409
1, 102888, Tempo, 433665
1, 102912, Tempo, 433921
1, 102936, Tempo, 434433
1, 102960, Tempo, 434689
1, 102984, Tempo, 434945
1, 103008, Tempo, 435201
1, 103032, Tempo, 435457
1, 103056, Tempo, 435713
1, 103080, Tempo, 435969
1, 103104, Tempo, 436225
1, 103128, Tempo, 436481
1, 103152, Tempo, 436737
1, 103176, Tempo, 436993
1, 103200, Tempo, 437505
1, 103224, Tempo, 437761
1, 103248, Tempo, 438017
1, 103272, Tempo, 438273
1, 103296, Tempo, 438529
1, 103320, Tempo, 438785
1, 103344, Tempo, 439041
1, 103368, Tempo, 439297
1, 103392, Tempo, 439553
1, 103416, Tempo, 439809
1, 103440, Tempo, 440321
1, 103464, Tempo, 440577
1, 103488, Tempo, 440833
1, 103512, Tempo, 441089
1, 103536, Tempo, 441345
1, 103560, Tempo, 441601
1, 103584, Tempo, 441857
1, 103608, Tempo, 442113
1, 103632, Tempo, 442369
1, 103656, Tempo, 442881
1, 103680, Tempo, 443137
1, 103704, Tempo, 443393
1, 103728, Tempo, 443649
1, 103752, Tempo, 443905
1, 103776, Tempo, 444161
1, 103800, Tempo, 444417
1, 103824, Tempo, 444673
1, 103848, Tempo, 445185
1, 103872, Tempo, 445441
1, 103896, Tempo, 445697
1, 103920, Tempo, 445953
1, 103944, Tempo, 446209
1, 103968, Tempo, 446465
1, 103992, Tempo, 446721
1, 104016, Tempo, 447233
1, 104040, Tempo, 447489
1, 104064, Tempo, 447745
1, 104088, Tempo, 448001
1, 104112, Tempo, 448257
1, 104136, Tempo, 448513
1, 104160, Tempo, 448769
1, 104184, Tempo, 449281
1, 104208, Tempo, 449537
1, 104232, Tempo, 449793
1, 104256, Tempo, 450049
1, 104280, Tempo, 450305
1, 104304, Tempo, 450561
1, 104328, Tempo, 451073
1, 104352, Tempo, 451329
1, 104376, Tempo, 451585
1, 104400, Tempo, 451841
1, 104424, Tempo, 452097
1, 104448, Tempo, 452353
1, 104472, Tempo, 452865
1, 104496, Tempo, 453121
1, 104520, Tempo, 453377
1, 104544, Tempo, 453633
1, 104568, Tempo, 453889
1, 104592, Tempo, 454401
1, 104616, Tempo, 454657
1, 104640, Tempo, 454913
1, 104664, Tempo, 455169
1, 104688, Tempo, 455425
1, 104712, Tempo, 455681
1, 104736, Tempo, 456193
1, 104760, Tempo, 456449
1, 104784, Tempo, 456705
1, 104808, Tempo, 456961
1, 104832, Tempo, 457217
1, 104856, Tempo, 457729
1, 104880, Tempo, 457985
1, 104904, Tempo, 458241
1, 104928, Tempo, 458497
1, 104952, Tempo, 458753
1, 104976, Tempo, 459265
1, 105000, Tempo, 459521
1, 105024, Tempo, 459777
1, 105048, Tempo, 460033
1, 105072, Tempo, 460289
1, 105096, Tempo, 460801
1, 105120, Tempo, 461057
1, 105144, Tempo, 461313
1, 105168, Tempo, 461569
1, 105192, Tempo, 462081
1, 105216, Tempo, 462337
1, 105240, Tempo, 462593
1, 105264, Tempo, 462849
1, 105288, Tempo, 463105
1, 105312, Tempo, 463617
1, 105336, Tempo, 463873
1, 105360, Tempo, 464129
1, 105384, Tempo, 464385
1, 105408, Tempo, 464897
1, 105432, Tempo, 465153
1, 105456, Tempo, 465409
1, 105480, Tempo, 465665
1, 105504, Tempo, 466177
1, 105528, Tempo, 466433
1, 105552, Tempo, 466689
1, 105576, Tempo, 466945
1, 105600, Tempo, 467457
1, 105624, Tempo, 467713
1, 105648, Tempo, 467969
1, 105672, Tempo, 468225
1, 105696, Tempo, 468737
1, 105720, Tempo, 468993
1, 105744, Tempo, 469249
1, 105768, Tempo, 469505
1, 105792, Tempo, 470017
1, 105816, Tempo, 470273
1, 105840, Tempo, 470529
1, 105864, Tempo, 470785
1, 105888, Tempo, 471297
1, 105912, Tempo, 471553
1, 105936, Tempo, 471809
1, 105960, Tempo, 472321
1, 105984, Tempo, 472577
1, 106008, Tempo, 472833
1, 106032, Tempo, 473089
1, 106056, Tempo, 473601
1, 106080, Tempo, 473857
1, 106104, Tempo, 474113
1, 106128, Tempo, 474625
1, 106152, Tempo, 474881
1, 106176, Tempo, 475137
1, 106200, Tempo, 475393
1, 106224, Tempo, 475905
1, 106248, Tempo, 476161
1, 106272, Tempo, 476417
1, 106296, Tempo, 476929
1, 106320, Tempo, 477185
1, 106344, Tempo, 477441
1, 106368, Tempo, 477697
1, 106392, Tempo, 478209
1, 106416, Tempo, 478465
1, 106440, Tempo, 478721
1, 106464, Tempo, 479233
1, 106488, Tempo, 479489
1, 106512, Tempo, 479745
1, 106536, Tempo, 480257
1, 106560, Tempo, 480513
1, 106584, Tempo, 480769
1, 106608, Tempo, 481281
1, 106632, Tempo, 481537
1, 106656, Tempo, 481793
1, 106680, Tempo, 482305
1, 106704, Tempo, 482561
1, 106728, Tempo, 482817
1, 106752, Tempo, 483329
1, 106776, Tempo, 483585
1, 106800, Tempo, 483841
1, 106824, Tempo, 484353
1, 106848, Tempo, 484609
1, 106872, Tempo, 484865
1, 106896, Tempo, 485377
1, 106920, Tempo, 485633
1, 106944, Tempo, 485889
1, 106968, Tempo, 486401
1, 106992, Tempo, 486657
1, 107016, Tempo, 486913
1, 107040, Tempo, 487425
1, 107064, Tempo, 487681
1, 107088, Tempo, 488193
1, 107112, Tempo, 488449
1, 107136, Tempo, 488705
1, 107160, Tempo, 489217
1, 107184, Tempo, 489473
1, 107208, Tempo, 489729
1, 107232, Tempo, 490241
1, 107256, Tempo, 490497
1, 107280, Tempo, 491009
1, 107304, Tempo, 491265
1, 107328, Tempo, 491521
1, 107352, Tempo, 492033
1, 107376, Tempo, 492289
1, 107400, Tempo, 492545
1, 107424, Tempo, 493057
1, 107448, Tempo, 493313
1, 107472, Tempo, 493825
1, 107496, Tempo, 494081
1, 107520, Tempo, 494337
1, 107544, Tempo, 494849
1, 107568, Tempo, 495105
1, 107592, Tempo, 495617
1, 107616, Tempo, 495873
1, 107640, Tempo, 496129
1, 107664, Tempo, 496641
1, 107688, Tempo, 496897
1, 107712, Tempo, 497409
1, 107736, Tempo, 497665
1, 107760, Tempo, 498177
1, 107784, Tempo, 498433
1, 107808, Tempo, 498689
1, 107832, Tempo, 499201
1, 107856, Tempo, 499457
1, 107880, Tempo, 499969
1, 122400, End_track
2, 0, Start_track
2, 0, Control_c, 0, 7, 95
2, 0, Control_c, 0, 0, 0
2, 0, Control_c, 0, 32, 0
2, 0, Program_c, 0, 0
2, 0, Control_c, 0, 1, 0
2, 0, Control_c, 0, 10, 64
2, 0, Control_c, 0, 91, 0
2, 0, Control_c, 0, 93, 0
2, 0, Key_signature, -6, "major"
2, 0, Key_signature, -6, "major"
2, 0, Title_t, "Piano"
2, 0, Note_on_c, 0, 73, 100
2, 0, Note_on_c, 0, 53, 100
2, 113, Control_c, 0, 7, 96
2, 227, Control_c, 0, 7, 97
2, 340, Control_c, 0, 7, 98
2, 456, Note_on_c, 0, 73, 0
2, 480, Note_on_c, 0, 75, 100
2, 480, Note_on_c, 0, 56, 100
2, 480, Note_on_c, 0, 61, 100
2, 510, Control_c, 0, 7, 99
2, 624, Control_c, 0, 7, 100
2, 737, Control_c, 0, 7, 101
2, 907, Control_c, 0, 7, 102
2, 936, Note_on_c, 0, 61, 0
2, 936, Note_on_c, 0, 56, 0
2, 960, Note_on_c, 0, 56, 100
2, 960, Note_on_c, 0, 61, 100
2, 1021, Control_c, 0, 7, 103
2, 1134, Control_c, 0, 7, 104
2, 1188, Note_on_c, 0, 75, 0
2, 1200, Note_on_c, 0, 73, 100
2, 1304, Control_c, 0, 7, 105
2, 1416, Note_on_c, 0, 61, 0
2, 1416, Note_on_c, 0, 56, 0
2, 1416, Note_on_c, 0, 53, 0
2, 1428, Note_on_c, 0, 73, 0
2, 1440, Note_on_c, 0, 73, 100
2, 1440, Note_on_c, 0, 51, 100
2, 1896, Note_on_c, 0, 73, 0
2, 1920, Note_on_c, 0, 71, 100
2, 1920, Note_on_c, 0, 54, 100
2, 1920, Note_on_c, 0, 59, 100
2, 2376, Note_on_c, 0, 59, 0
2, 2376, Note_on_c, 0, 54, 0
2, 2400, Note_on_c, 0, 54, 100
2, 2400, Note_on_c, 0, 59, 100
2, 2628, Note_on_c, 0, 71, 0
2, 2640, Note_on_c, 0, 70, 100
2, 2856, Note_on_c, 0, 51, 0
2, 2856, Note_on_c, 0, 59, 0
2, 2856, Note_on_c, 0, 54, 0
2, 2868, Note_on_c, 0, 70, 0
2, 2880, Note_on_c, 0, 70, 100
2, 2880, Note_on_c, 0, 49, 100
2, 2993, Control_c, 0, 7, 106
2, 3107, Control_c, 0, 7, 107
2, 3220, Control_c, 0, 7, 108
2, 3336, Note_on_c, 0, 70, 0
2, 3360, Note_on_c, 0, 68, 100
2, 3360, Note_on_c, 0, 54, 100
2, 3360, Note_on_c, 0, 64, 100
2, 3360, Note_on_c, 0, 58, 100
2, 3390, Control_c, 0, 7, 109
2, 3504, Control_c, 0, 7, 110
2, 3617, Control_c, 0, 7, 111
2, 3787, Control_c, 0, 7, 112
2, 3816, Note_on_c, 0, 58, 0
2, 3816, Note_on_c, 0, 64, 0
2, 3816, Note_on_c, 0, 54, 0
2, 3816, Note_on_c, 0, 68, 0
2, 3840, Note_on_c, 0, 66, 100
2, 3840, Note_on_c, 0, 54, 100
2, 3840, Note_on_c, 0, 64, 100
2, 3840, Note_on_c, 0, 58, 100
2, 3901, Control_c, 0, 7, 113
2, 4014, Control_c, 0, 7, 114
2, 4296, Note_on_c, 0, 58, 0
2, 4296, Note_on_c, 0, 64, 0
2, 4296, Note_on_c, 0, 54, 0
2, 4296, Note_on_c, 0, 66, 0
2, 4296, Note_on_c, 0, 49, 0
2, 4320, Note_on_c, 0, 78, 100
2, 4320, Note_on_c, 0, 47, 100
2, 4433, Control_c, 0, 7, 113
2, 4547, Control_c, 0, 7, 112
2, 4717, Control_c, 0, 7, 111
2, 4776, Note_on_c, 0, 47, 0
2, 4800, Note_on_c, 0, 54, 100
2, 4800, Note_on_c, 0, 63, 100
2, 4800, Note_on_c, 0, 59, 100
2, 4887, Control_c, 0, 7, 110
2, 5001, Control_c, 0, 7, 109
2, 5171, Control_c, 0, 7, 108
2, 5256, Note_on_c, 0, 59, 0
2, 5256, Note_on_c, 0, 63, 0
2, 5256, Note_on_c, 0, 54, 0
2, 5280, Note_on_c, 0, 54, 100
2, 5280, Note_on_c, 0, 63, 100
2, 5280, Note_on_c, 0, 59, 100
2, 5284, Control_c, 0, 7, 107
2, 5454, Control_c, 0, 7, 106
2, 5568, Control_c, 0, 7, 105
2, 5736, Note_on_c, 0, 78, 0
2, 5736, Note_on_c, 0, 59, 0
2, 5736, Note_on_c, 0, 63, 0
2, 5736, Note_on_c, 0, 54, 0
2, 5760, Note_on_c, 0, 68, 100
2, 5760, Note_on_c, 0, 47, 100
2, 5988, Note_on_c, 0, 68, 0
2, 6000, Note_on_c, 0, 70, 100
2, 6228, Note_on_c, 0, 70, 0
2, 6240, Note_on_c, 0, 71, 100
2, 6240, Note_on_c, 0, 54, 100
2, 6240, Note_on_c, 0, 62, 100
2, 6696, Note_on_c, 0, 62, 0
2, 6696, Note_on_c, 0, 54, 0
2, 6696, Note_on_c, 0, 71, 0
2, 6720, Note_on_c, 0, 71, 100
2, 6720, Note_on_c, 0, 54, 100
2, 6720, Note_on_c, 0, 62, 100
2, 7176, Note_on_c, 0, 62, 0
2, 7176, Note_on_c, 0, 54, 0
2, 7176, Note_on_c, 0, 71, 0
2, 7176, Note_on_c, 0, 47, 0
2, 7200, Note_on_c, 0, 49, 100
2, 7200, Note_on_c, 0, 71, 100
2, 7352, Note_on_c, 0, 71, 0
2, 7359, Note_on_c, 0, 73, 100
2, 7511, Note_on_c, 0, 73, 0
2, 7519, Note_on_c, 0, 71, 100
2, 7670, Note_on_c, 0, 71, 0
2, 7680, Note_on_c, 0, 70, 100
2, 7680, Note_on_c, 0, 54, 100
2, 7680, Note_on_c, 0, 58, 100
2, 7680, Note_on_c, 0, 61, 100
2, 7908, Note_on_c, 0, 70, 0
2, 7920, Note_on_c, 0, 66, 100
2, 8136, Note_on_c, 0, 61, 0
2, 8136, Note_on_c, 0, 58, 0
2, 8136, Note_on_c, 0, 54, 0
2, 8148, Note_on_c, 0, 66, 0
2, 8160, Note_on_c, 0, 70, 100
2, 8160, Note_on_c, 0, 54, 100
2, 8160, Note_on_c, 0, 58, 100
2, 8160, Note_on_c, 0, 61, 100
2, 8616, Note_on_c, 0, 61, 0
2, 8616, Note_on_c, 0, 58, 0
2, 8616, Note_on_c, 0, 54, 0
2, 8616, Note_on_c, 0, 70, 0
2, 8616, Note_on_c, 0, 49, 0
2, 8640, Note_on_c, 0, 70, 100
2, 8640, Note_on_c, 0, 49, 100
2, 8792, Note_on_c, 0, 70, 0
2, 8799, Note_on_c, 0, 71, 100
2, 8951, Note_on_c, 0, 71, 0
2, 8959, Note_on_c, 0, 70, 100
2, 9110, Note_on_c, 0, 70, 0
2, 9120, Note_on_c, 0, 68, 100
2, 9120, Note_on_c, 0, 53, 100
2, 9120, Note_on_c, 0, 59, 100
2, 9348, Note_on_c, 0, 68, 0
2, 9360, Note_on_c, 0, 61, 100
2, 9576, Note_on_c, 0, 59, 0
2, 9576, Note_on_c, 0, 53, 0
2, 9588, Note_on_c, 0, 61, 0
2, 9600, Note_on_c, 0, 68, 100
2, 9600, Note_on_c, 0, 53, 100
2, 9600, Note_on_c, 0, 59, 100
2, 9657, Control_c, 0, 7, 104
2, 9713, Control_c, 0, 7, 103
2, 9770, Control_c, 0, 7, 102
2, 9827, Control_c, 0, 7, 101
2, 9883, Control_c, 0, 7, 100
2, 9940, Control_c, 0, 7, 99
2, 9997, Control_c, 0, 7, 98
2, 10054, Control_c, 0, 7, 97
2, 10056, Note_on_c, 0, 49, 0
2, 10056, Note_on_c, 0, 59, 0
2, 10056, Note_on_c, 0, 53, 0
2, 10056, Note_on_c, 0, 68, 0
2, 10080, Note_on_c, 0, 66, 100
2, 10080, Note_on_c, 0, 42, 100
2, 10110, Control_c, 0, 7, 96
2, 10167, Control_c, 0, 7, 95
2, 10224, Control_c, 0, 7, 94
2, 10281, Control_c, 0, 7, 93
2, 10337, Control_c, 0, 7, 92
2, 10394, Control_c, 0, 7, 91
2, 10451, Control_c, 0, 7, 90
2, 10507, Control_c, 0, 7, 89
2, 10536, Note_on_c, 0, 42, 0
2, 10536, Note_on_c, 0, 66, 0
2, 10560, Control_c, 0, 7, 88
2, 10560, Note_on_c, 0, 49, 100
2, 10560, Note_on_c, 0, 58, 100
2, 11016, Note_on_c, 0, 58, 0
2, 11016, Note_on_c, 0, 49, 0
2, 11040, Note_on_c, 0, 61, 100
2, 11520, Note_on_c, 0, 42, 100
2, 11976, Note_on_c, 0, 42, 0
2, 12000, Note_on_c, 0, 49, 100
2, 12456, Note_on_c, 0, 61, 0
2, 12480, Note_on_c, 0, 54, 100
2, 12480, Note_on_c, 0, 58, 100
2, 12480, Note_on_c, 0, 61, 100
2, 12936, Note_on_c, 0, 58, 0
2, 12936, Note_on_c, 0, 54, 0
2, 12936, Note_on_c, 0, 49, 0
2, 12960, Note_on_c, 0, 42, 100
2, 13416, Note_on_c, 0, 42, 0
2, 13440, Note_on_c, 0, 49, 100
2, 13896, Note_on_c, 0, 61, 0
2, 13920, Note_on_c, 0, 61, 100
2, 13920, Note_on_c, 0, 56, 100
2, 13920, Note_on_c, 0, 59, 100
2, 13920, Note_on_c, 0, 53, 100
2, 14376, Note_on_c, 0, 53, 0
2, 14376, Note_on_c, 0, 59, 0
2, 14376, Note_on_c, 0, 56, 0
2, 14376, Note_on_c, 0, 49, 0
2, 14400, Note_on_c, 0, 42, 100
2, 14856, Note_on_c, 0, 42, 0
2, 14880, Note_on_c, 0, 49, 100
2, 15336, Note_on_c, 0, 61, 0
2, 15360, Note_on_c, 0, 61, 100
2, 15360, Note_on_c, 0, 56, 100
2, 15360, Note_on_c, 0, 59, 100
2, 15360, Note_on_c, 0, 53, 100
2, 15816, Note_on_c, 0, 53, 0
2, 15816, Note_on_c, 0, 59, 0
2, 15816, Note_on_c, 0, 56, 0
2, 15816, Note_on_c, 0, 49, 0
2, 15840, Note_on_c, 0, 42, 100
2, 16296, Note_on_c, 0, 42, 0
2, 16320, Note_on_c, 0, 49, 100
2, 16776, Note_on_c, 0, 61, 0
2, 16800, Note_on_c, 0, 54, 100
2, 16800, Note_on_c, 0, 58, 100
2, 16800, Note_on_c, 0, 61, 100
2, 17256, Note_on_c, 0, 49, 0
2, 17256, Note_on_c, 0, 58, 0
2, 17256, Note_on_c, 0, 54, 0
2, 17280, Note_on_c, 0, 43, 100
2, 17736, Note_on_c, 0, 43, 0
2, 17760, Note_on_c, 0, 49, 100
2, 18216, Note_on_c, 0, 61, 0
2, 18240, Note_on_c, 0, 52, 100
2, 18240, Note_on_c, 0, 58, 100
2, 18240, Note_on_c, 0, 61, 100
2, 18696, Note_on_c, 0, 58, 0
2, 18696, Note_on_c, 0, 52, 0
2, 18696, Note_on_c, 0, 49, 0
2, 18720, Note_on_c, 0, 44, 100
2, 19176, Note_on_c, 0, 44, 0
2, 19200, Note_on_c, 0, 49, 100
2, 19656, Note_on_c, 0, 61, 0
2, 19680, Note_on_c, 0, 53, 100
2, 19680, Note_on_c, 0, 59, 100
2, 19680, Note_on_c, 0, 61, 100
2, 20136, Note_on_c, 0, 59, 0
2, 20136, Note_on_c, 0, 53, 0
2, 20136, Note_on_c, 0, 49, 0
2, 20160, Note_on_c, 0, 37, 100
2, 20387, Control_c, 0, 7, 87
2, 20616, Note_on_c, 0, 37, 0
2, 20640, Note_on_c, 0, 49, 100
2, 20841, Control_c, 0, 7, 86
2, 21096, Note_on_c, 0, 61, 0
2, 21120, Note_on_c, 0, 65, 100
2, 21120, Note_on_c, 0, 59, 100
2, 21120, Note_on_c, 0, 61, 100
2, 21294, Control_c, 0, 7, 85
2, 21576, Note_on_c, 0, 59, 0
2, 21576, Note_on_c, 0, 65, 0
2, 21576, Note_on_c, 0, 49, 0
2, 21600, Note_on_c, 0, 42, 100
2, 22056, Note_on_c, 0, 42, 0
2, 22080, Note_on_c, 0, 49, 100
2, 22536, Note_on_c, 0, 61, 0
2, 22560, Note_on_c, 0, 58, 100
2, 22560, Note_on_c, 0, 66, 100
2, 22560, Note_on_c, 0, 61, 100
2, 23016, Note_on_c, 0, 66, 0
2, 23016, Note_on_c, 0, 58, 0
2, 23016, Note_on_c, 0, 49, 0
2, 23040, Note_on_c, 0, 42, 100
2, 23496, Note_on_c, 0, 42, 0
2, 23520, Note_on_c, 0, 49, 100
2, 23976, Note_on_c, 0, 61, 0
2, 24000, Note_on_c, 0, 54, 100
2, 24000, Note_on_c, 0, 58, 100
2, 24000, Note_on_c, 0, 61, 100
2, 24456, Note_on_c, 0, 49, 0
2, 24456, Note_on_c, 0, 58, 0
2, 24456, Note_on_c, 0, 54, 0
2, 24480, Note_on_c, 0, 42, 100
2, 24936, Note_on_c, 0, 42, 0
2, 24960, Note_on_c, 0, 49, 100
2, 25416, Note_on_c, 0, 61, 0
2, 25440, Note_on_c, 0, 56, 100
2, 25440, Note_on_c, 0, 59, 100
2, 25440, Note_on_c, 0, 61, 100
2, 25440, Note_on_c, 0, 53, 100
2, 25896, Note_on_c, 0, 53, 0
2, 25896, Note_on_c, 0, 59, 0
2, 25896, Note_on_c, 0, 56, 0
2, 25896, Note_on_c, 0, 49, 0
2, 25920, Note_on_c, 0, 42, 100
2, 26376, Note_on_c, 0, 42, 0
2, 26400, Note_on_c, 0, 49, 100
2, 26856, Note_on_c, 0, 61, 0
2, 26880, Note_on_c, 0, 53, 100
2, 26880, Note_on_c, 0, 56, 100
2, 26880, Note_on_c, 0, 61, 100
2, 26880, Note_on_c, 0, 59, 100
2, 27336, Note_on_c, 0, 59, 0
2, 27336, Note_on_c, 0, 56, 0
2, 27336, Note_on_c, 0, 53, 0
2, 27336, Note_on_c, 0, 49, 0
2, 27360, Note_on_c, 0, 42, 100
2, 27816, Note_on_c, 0, 42, 0
2, 27840, Note_on_c, 0, 49, 100
2, 28296, Note_on_c, 0, 61, 0
2, 28320, Note_on_c, 0, 54, 100
2, 28320, Note_on_c, 0, 58, 100
2, 28320, Note_on_c, 0, 61, 100
2, 28776, Note_on_c, 0, 58, 0
2, 28776, Note_on_c, 0, 54, 0
2, 28776, Note_on_c, 0, 49, 0
2, 28800, Note_on_c, 0, 43, 100
2, 29256, Note_on_c, 0, 43, 0
2, 29280, Note_on_c, 0, 49, 100
2, 29736, Note_on_c, 0, 61, 0
2, 29760, Note_on_c, 0, 52, 100
2, 29760, Note_on_c, 0, 58, 100
2, 29760, Note_on_c, 0, 61, 100
2, 30216, Note_on_c, 0, 58, 0
2, 30216, Note_on_c, 0, 52, 0
2, 30216, Note_on_c, 0, 49, 0
2, 30240, Note_on_c, 0, 44, 100
2, 30696, Note_on_c, 0, 44, 0
2, 30720, Note_on_c, 0, 49, 100
2, 31176, Note_on_c, 0, 61, 0
2, 31200, Note_on_c, 0, 53, 100
2, 31200, Note_on_c, 0, 59, 100
2, 31200, Note_on_c, 0, 61, 100
2, 31656, Note_on_c, 0, 49, 0
2, 31656, Note_on_c, 0, 59, 0
2, 31656, Note_on_c, 0, 53, 0
2, 31680, Note_on_c, 0, 37, 100
2, 32136, Note_on_c, 0, 37, 0
2, 32160, Note_on_c, 0, 49, 100
2, 32616, Note_on_c, 0, 61, 0
2, 32640, Note_on_c, 0, 53, 100
2, 32640, Note_on_c, 0, 61, 100
2, 33096, Note_on_c, 0, 61, 0
2, 33096, Note_on_c, 0, 53, 0
2, 33096, Note_on_c, 0, 49, 0
2, 33120, Note_on_c, 0, 46, 100
2, 33600, Note_on_c, 0, 54, 100
2, 33600, Note_on_c, 0, 61, 100
2, 34056, Note_on_c, 0, 46, 0
2, 34056, Note_on_c, 0, 61, 0
2, 34056, Note_on_c, 0, 54, 0
2, 34080, Note_on_c, 0, 52, 100
2, 34080, Note_on_c, 0, 61, 100
2, 34080, Note_on_c, 0, 43, 100
2, 34536, Note_on_c, 0, 43, 0
2, 34536, Note_on_c, 0, 61, 0
2, 34536, Note_on_c, 0, 52, 0
2, 34560, Note_on_c, 0, 44, 100
2, 35040, Note_on_c, 0, 53, 100
2, 35040, Note_on_c, 0, 61, 100
2, 35496, Note_on_c, 0, 61, 0
2, 35496, Note_on_c, 0, 53, 0
2, 35520, Note_on_c, 0, 53, 100
2, 35520, Note_on_c, 0, 62, 100
2, 35976, Note_on_c, 0, 62, 0
2, 35976, Note_on_c, 0, 53, 0
2, 35976, Note_on_c, 0, 44, 0
2, 36000, Note_on_c, 0, 44, 100
2, 36480, Note_on_c, 0, 54, 100
2, 36480, Note_on_c, 0, 63, 100
2, 36480, Note_on_c, 0, 56, 100
2, 36480, Note_on_c, 0, 60, 100
2, 36936, Note_on_c, 0, 60, 0
2, 36936, Note_on_c, 0, 56, 0
2, 36936, Note_on_c, 0, 63, 0
2, 36936, Note_on_c, 0, 54, 0
2, 36960, Note_on_c, 0, 54, 100
2, 36960, Note_on_c, 0, 63, 100
2, 36960, Note_on_c, 0, 56, 100
2, 36960, Note_on_c, 0, 60, 100
2, 37416, Note_on_c, 0, 60, 0
2, 37416, Note_on_c, 0, 56, 0
2, 37416, Note_on_c, 0, 63, 0
2, 37416, Note_on_c, 0, 54, 0
2, 37416, Note_on_c, 0, 44, 0
2, 37440, Note_on_c, 0, 49, 100
2, 37920, Note_on_c, 0, 53, 100
2, 37920, Note_on_c, 0, 61, 100
2, 37920, Note_on_c, 0, 59, 100
2, 38376, Note_on_c, 0, 59, 0
2, 38376, Note_on_c, 0, 61, 0
2, 38376, Note_on_c, 0, 53, 0
2, 38400, Note_on_c, 0, 53, 100
2, 38400, Note_on_c, 0, 61, 100
2, 38400, Note_on_c, 0, 59, 100
2, 38856, Note_on_c, 0, 49, 0
2, 38856, Note_on_c, 0, 59, 0
2, 38856, Note_on_c, 0, 53, 0
2, 38880, Note_on_c, 0, 42, 100
2, 39336, Note_on_c, 0, 42, 0
2, 39360, Note_on_c, 0, 49, 100
2, 39768, Note_on_c, 0, 61, 0
2, 39840, Note_on_c, 0, 54, 100
2, 39840, Note_on_c, 0, 58, 100
2, 40296, Note_on_c, 0, 58, 0
2, 40296, Note_on_c, 0, 54, 0
2, 40296, Note_on_c, 0, 49, 0
2, 40320, Note_on_c, 0, 54, 100
2, 40800, Note_on_c, 0, 57, 100
2, 40800, Note_on_c, 0, 62, 100
2, 41256, Note_on_c, 0, 62, 0
2, 41256, Note_on_c, 0, 57, 0
2, 41280, Note_on_c, 0, 57, 100
2, 41280, Note_on_c, 0, 62, 100
2, 41736, Note_on_c, 0, 54, 0
2, 41736, Note_on_c, 0, 62, 0
2, 41736, Note_on_c, 0, 57, 0
2, 41760, Note_on_c, 0, 53, 100
2, 42240, Note_on_c, 0, 56, 100
2, 42240, Note_on_c, 0, 61, 100
2, 42696, Note_on_c, 0, 61, 0
2, 42696, Note_on_c, 0, 56, 0
2, 42720, Note_on_c, 0, 56, 100
2, 42720, Note_on_c, 0, 61, 100
2, 43176, Note_on_c, 0, 61, 0
2, 43176, Note_on_c, 0, 56, 0
2, 43176, Note_on_c, 0, 53, 0
2, 43200, Note_on_c, 0, 54, 100
2, 43680, Note_on_c, 0, 57, 100
2, 43680, Note_on_c, 0, 62, 100
2, 44136, Note_on_c, 0, 62, 0
2, 44136, Note_on_c, 0, 57, 0
2, 44160, Note_on_c, 0, 57, 100
2, 44160, Note_on_c, 0, 62, 100
2, 44616, Note_on_c, 0, 62, 0
2, 44616, Note_on_c, 0, 57, 0
2, 44616, Note_on_c, 0, 54, 0
2, 44640, Note_on_c, 0, 53, 100
2, 45120, Note_on_c, 0, 56, 100
2, 45120, Note_on_c, 0, 61, 100
2, 45576, Note_on_c, 0, 61, 0
2, 45576, Note_on_c, 0, 56, 0
2, 45600, Note_on_c, 0, 56, 100
2, 45600, Note_on_c, 0, 61, 100
2, 46056, Note_on_c, 0, 53, 0
2, 46056, Note_on_c, 0, 61, 0
2, 46056, Note_on_c, 0, 56, 0
2, 46080, Note_on_c, 0, 52, 100
2, 46560, Note_on_c, 0, 55, 100
2, 46560, Note_on_c, 0, 60, 100
2, 47016, Note_on_c, 0, 60, 0
2, 47016, Note_on_c, 0, 55, 0
2, 47040, Note_on_c, 0, 55, 100
2, 47040, Note_on_c, 0, 60, 100
2, 47496, Note_on_c, 0, 60, 0
2, 47496, Note_on_c, 0, 55, 0
2, 47496, Note_on_c, 0, 52, 0
2, 47520, Note_on_c, 0, 51, 100
2, 48000, Note_on_c, 0, 54, 100
2, 48000, Note_on_c, 0, 59, 100
2, 48456, Note_on_c, 0, 59, 0
2, 48456, Note_on_c, 0, 54, 0
2, 48480, Note_on_c, 0, 54, 100
2, 48480, Note_on_c, 0, 59, 100
2, 48936, Note_on_c, 0, 51, 0
2, 48936, Note_on_c, 0, 59, 0
2, 48936, Note_on_c, 0, 54, 0
2, 48960, Note_on_c, 0, 54, 100
2, 48960, Note_on_c, 0, 59, 100
2, 48960, Note_on_c, 0, 50, 100
2, 49416, Note_on_c, 0, 50, 0
2, 49416, Note_on_c, 0, 59, 0
2, 49416, Note_on_c, 0, 54, 0
2, 49440, Note_on_c, 0, 54, 100
2, 49440, Note_on_c, 0, 59, 100
2, 49440, Note_on_c, 0, 50, 100
2, 49440, Note_on_c, 0, 38, 100
2, 49896, Note_on_c, 0, 38, 0
2, 49896, Note_on_c, 0, 50, 0
2, 49896, Note_on_c, 0, 59, 0
2, 49896, Note_on_c, 0, 54, 0
2, 49920, Note_on_c, 0, 54, 100
2, 49920, Note_on_c, 0, 59, 100
2, 49920, Note_on_c, 0, 38, 100
2, 49920, Note_on_c, 0, 50, 100
2, 50376, Note_on_c, 0, 50, 0
2, 50376, Note_on_c, 0, 38, 0
2, 50376, Note_on_c, 0, 59, 0
2, 50376, Note_on_c, 0, 54, 0
2, 50400, Note_on_c, 0, 37, 100
2, 50400, Note_on_c, 0, 49, 100
2, 50400, Note_on_c, 0, 53, 100
2, 50400, Note_on_c, 0, 59, 100
2, 50400, Note_on_c, 0, 61, 100
2, 51816, Note_on_c, 0, 59, 0
2, 51816, Note_on_c, 0, 53, 0
2, 51816, Note_on_c, 0, 49, 0
2, 51816, Note_on_c, 0, 37, 0
2, 51840, Note_on_c, 0, 42, 100
2, 52296, Note_on_c, 0, 42, 0
2, 52320, Note_on_c, 0, 49, 100
2, 52680, Note_on_c, 0, 61, 0
2, 52800, Note_on_c, 0, 54, 100
2, 52800, Note_on_c, 0, 58, 100
2, 52800, Note_on_c, 0, 61, 100
2, 53256, Note_on_c, 0, 49, 0
2, 53256, Note_on_c, 0, 58, 0
2, 53256, Note_on_c, 0, 54, 0
2, 53280, Note_on_c, 0, 42, 100
2, 53736, Note_on_c, 0, 42, 0
2, 53760, Note_on_c, 0, 49, 100
2, 54216, Note_on_c, 0, 61, 0
2, 54240, Note_on_c, 0, 61, 100
2, 54240, Note_on_c, 0, 56, 100
2, 54240, Note_on_c, 0, 59, 100
2, 54240, Note_on_c, 0, 53, 100
2, 54696, Note_on_c, 0, 53, 0
2, 54696, Note_on_c, 0, 59, 0
2, 54696, Note_on_c, 0, 56, 0
2, 54696, Note_on_c, 0, 49, 0
2, 54720, Note_on_c, 0, 42, 100
2, 55176, Note_on_c, 0, 42, 0
2, 55200, Note_on_c, 0, 49, 100
2, 55656, Note_on_c, 0, 61, 0
2, 55680, Note_on_c, 0, 61, 100
2, 55680, Note_on_c, 0, 56, 100
2, 55680, Note_on_c, 0, 59, 100
2, 55680, Note_on_c, 0, 53, 100
2, 56136, Note_on_c, 0, 53, 0
2, 56136, Note_on_c, 0, 59, 0
2, 56136, Note_on_c, 0, 56, 0
2, 56136, Note_on_c, 0, 49, 0
2, 56160, Note_on_c, 0, 42, 100
2, 56616, Note_on_c, 0, 42, 0
2, 56640, Note_on_c, 0, 49, 100
2, 57096, Note_on_c, 0, 61, 0
2, 57120, Note_on_c, 0, 61, 100
2, 57120, Note_on_c, 0, 54, 100
2, 57120, Note_on_c, 0, 58, 100
2, 57576, Note_on_c, 0, 58, 0
2, 57576, Note_on_c, 0, 54, 0
2, 57576, Note_on_c, 0, 49, 0
2, 57600, Note_on_c, 0, 43, 100
2, 58056, Note_on_c, 0, 43, 0
2, 58080, Note_on_c, 0, 49, 100
2, 58536, Note_on_c, 0, 61, 0
2, 58560, Note_on_c, 0, 61, 100
2, 58560, Note_on_c, 0, 52, 100
2, 58560, Note_on_c, 0, 58, 100
2, 59016, Note_on_c, 0, 58, 0
2, 59016, Note_on_c, 0, 52, 0
2, 59016, Note_on_c, 0, 49, 0
2, 59040, Note_on_c, 0, 44, 100
2, 59496, Note_on_c, 0, 44, 0
2, 59520, Note_on_c, 0, 49, 100
2, 59976, Note_on_c, 0, 61, 0
2, 60000, Note_on_c, 0, 61, 100
2, 60000, Note_on_c, 0, 53, 100
2, 60000, Note_on_c, 0, 59, 100
2, 60456, Note_on_c, 0, 49, 0
2, 60456, Note_on_c, 0, 59, 0
2, 60456, Note_on_c, 0, 53, 0
2, 60480, Note_on_c, 0, 37, 100
2, 60936, Note_on_c, 0, 37, 0
2, 60960, Note_on_c, 0, 49, 100
2, 61416, Note_on_c, 0, 61, 0
2, 61440, Note_on_c, 0, 61, 100
2, 61440, Note_on_c, 0, 65, 100
2, 61440, Note_on_c, 0, 59, 100
2, 61896, Note_on_c, 0, 59, 0
2, 61896, Note_on_c, 0, 65, 0
2, 61896, Note_on_c, 0, 49, 0
2, 61920, Note_on_c, 0, 42, 100
2, 62153, Control_c, 0, 7, 84
2, 62323, Control_c, 0, 7, 83
2, 62376, Note_on_c, 0, 42, 0
2, 62400, Note_on_c, 0, 49, 100
2, 62494, Control_c, 0, 7, 82
2, 62664, Control_c, 0, 7, 81
2, 62834, Control_c, 0, 7, 80
2, 62856, Note_on_c, 0, 61, 0
2, 62880, Note_on_c, 0, 61, 100
2, 62880, Note_on_c, 0, 58, 100
2, 62880, Note_on_c, 0, 66, 100
2, 63004, Control_c, 0, 7, 79
2, 63174, Control_c, 0, 7, 78
2, 63336, Note_on_c, 0, 66, 0
2, 63336, Note_on_c, 0, 58, 0
2, 63336, Note_on_c, 0, 49, 0
2, 63360, Note_on_c, 0, 42, 100
2, 63816, Note_on_c, 0, 42, 0
2, 63840, Note_on_c, 0, 49, 100
2, 64296, Note_on_c, 0, 61, 0
2, 64320, Note_on_c, 0, 61, 100
2, 64320, Note_on_c, 0, 54, 100
2, 64320, Note_on_c, 0, 58, 100
2, 64776, Note_on_c, 0, 58, 0
2, 64776, Note_on_c, 0, 54, 0
2, 64776, Note_on_c, 0, 49, 0
2, 64800, Note_on_c, 0, 42, 100
2, 65256, Note_on_c, 0, 42, 0
2, 65280, Note_on_c, 0, 49, 100
2, 65736, Note_on_c, 0, 61, 0
2, 65760, Note_on_c, 0, 56, 100
2, 65760, Note_on_c, 0, 59, 100
2, 65760, Note_on_c, 0, 53, 100
2, 65760, Note_on_c, 0, 61, 100
2, 66216, Note_on_c, 0, 53, 0
2, 66216, Note_on_c, 0, 59, 0
2, 66216, Note_on_c, 0, 56, 0
2, 66216, Note_on_c, 0, 49, 0
2, 66240, Note_on_c, 0, 42, 100
2, 66696, Note_on_c, 0, 42, 0
2, 66720, Note_on_c, 0, 49, 100
2, 67176, Note_on_c, 0, 61, 0
2, 67200, Note_on_c, 0, 61, 100
2, 67200, Note_on_c, 0, 53, 100
2, 67200, Note_on_c, 0, 56, 100
2, 67200, Note_on_c, 0, 59, 100
2, 67656, Note_on_c, 0, 49, 0
2, 67656, Note_on_c, 0, 59, 0
2, 67656, Note_on_c, 0, 56, 0
2, 67656, Note_on_c, 0, 53, 0
2, 67680, Note_on_c, 0, 42, 100
2, 68136, Note_on_c, 0, 42, 0
2, 68160, Note_on_c, 0, 49, 100
2, 68616, Note_on_c, 0, 61, 0
2, 68640, Note_on_c, 0, 54, 100
2, 68640, Note_on_c, 0, 58, 100
2, 68640, Note_on_c, 0, 61, 100
2, 69096, Note_on_c, 0, 61, 0
2, 69096, Note_on_c, 0, 58, 0
2, 69096, Note_on_c, 0, 54, 0
2, 69096, Note_on_c, 0, 49, 0
2, 69120, Note_on_c, 0, 47, 100
2, 69600, Note_on_c, 0, 51, 100
2, 69600, Note_on_c, 0, 56, 100
2, 69600, Note_on_c, 0, 63, 100
2, 70056, Note_on_c, 0, 63, 0
2, 70056, Note_on_c, 0, 56, 0
2, 70056, Note_on_c, 0, 51, 0
2, 70080, Note_on_c, 0, 51, 100
2, 70080, Note_on_c, 0, 56, 100
2, 70080, Note_on_c, 0, 63, 100
2, 70536, Note_on_c, 0, 47, 0
2, 70536, Note_on_c, 0, 63, 0
2, 70536, Note_on_c, 0, 56, 0
2, 70536, Note_on_c, 0, 51, 0
2, 70560, Note_on_c, 0, 46, 100
2, 71040, Note_on_c, 0, 53, 100
2, 71040, Note_on_c, 0, 58, 100
2, 71040, Note_on_c, 0, 62, 100
2, 71496, Note_on_c, 0, 62, 0
2, 71496, Note_on_c, 0, 58, 0
2, 71496, Note_on_c, 0, 53, 0
2, 71520, Note_on_c, 0, 53, 100
2, 71520, Note_on_c, 0, 58, 100
2, 71520, Note_on_c, 0, 62, 100
2, 71976, Note_on_c, 0, 62, 0
2, 71976, Note_on_c, 0, 58, 0
2, 71976, Note_on_c, 0, 53, 0
2, 71976, Note_on_c, 0, 46, 0
2, 72000, Note_on_c, 0, 47, 100
2, 72480, Note_on_c, 0, 51, 100
2, 72480, Note_on_c, 0, 56, 100
2, 72480, Note_on_c, 0, 63, 100
2, 72936, Note_on_c, 0, 63, 0
2, 72936, Note_on_c, 0, 56, 0
2, 72936, Note_on_c, 0, 51, 0
2, 72960, Note_on_c, 0, 51, 100
2, 72960, Note_on_c, 0, 56, 100
2, 72960, Note_on_c, 0, 63, 100
2, 73416, Note_on_c, 0, 63, 0
2, 73416, Note_on_c, 0, 56, 0
2, 73416, Note_on_c, 0, 51, 0
2, 73416, Note_on_c, 0, 47, 0
2, 73440, Note_on_c, 0, 46, 100
2, 73920, Note_on_c, 0, 53, 100
2, 73920, Note_on_c, 0, 58, 100
2, 73920, Note_on_c, 0, 62, 100
2, 74376, Note_on_c, 0, 62, 0
2, 74376, Note_on_c, 0, 58, 0
2, 74376, Note_on_c, 0, 53, 0
2, 74400, Note_on_c, 0, 53, 100
2, 74400, Note_on_c, 0, 58, 100
2, 74400, Note_on_c, 0, 62, 100
2, 74856, Note_on_c, 0, 46, 0
2, 74856, Note_on_c, 0, 62, 0
2, 74856, Note_on_c, 0, 58, 0
2, 74856, Note_on_c, 0, 53, 0
2, 74880, Note_on_c, 0, 47, 127
2, 75163, Control_c, 0, 7, 79
2, 75360, Note_on_c, 0, 51, 100
2, 75360, Note_on_c, 0, 58, 100
2, 75617, Control_c, 0, 7, 80
2, 75816, Note_on_c, 0, 58, 0
2, 75816, Note_on_c, 0, 51, 0
2, 75840, Note_on_c, 0, 51, 100
2, 75840, Note_on_c, 0, 58, 100
2, 76071, Control_c, 0, 7, 81
2, 76296, Note_on_c, 0, 58, 0
2, 76296, Note_on_c, 0, 51, 0
2, 76320, Note_on_c, 0, 51, 100
2, 76320, Note_on_c, 0, 58, 100
2, 76581, Control_c, 0, 7, 82
2, 76776, Note_on_c, 0, 58, 0
2, 76776, Note_on_c, 0, 51, 0
2, 76800, Note_on_c, 0, 51, 100
2, 76800, Note_on_c, 0, 58, 100
2, 77035, Control_c, 0, 7, 83
2, 77256, Note_on_c, 0, 58, 0
2, 77256, Note_on_c, 0, 51, 0
2, 77280, Note_on_c, 0, 51, 100
2, 77280, Note_on_c, 0, 56, 100
2, 77489, Control_c, 0, 7, 84
2, 77736, Note_on_c, 0, 47, 0
2, 77736, Note_on_c, 0, 56, 0
2, 77736, Note_on_c, 0, 51, 0
2, 77760, Note_on_c, 0, 47, 127
2, 77942, Control_c, 0, 7, 85
2, 78240, Note_on_c, 0, 51, 100
2, 78240, Note_on_c, 0, 58, 100
2, 78453, Control_c, 0, 7, 86
2, 78696, Note_on_c, 0, 58, 0
2, 78696, Note_on_c, 0, 51, 0
2, 78720, Note_on_c, 0, 51, 100
2, 78720, Note_on_c, 0, 58, 100
2, 78907, Control_c, 0, 7, 87
2, 79176, Note_on_c, 0, 58, 0
2, 79176, Note_on_c, 0, 51, 0
2, 79200, Note_on_c, 0, 51, 100
2, 79200, Note_on_c, 0, 58, 100
2, 79360, Control_c, 0, 7, 88
2, 79656, Note_on_c, 0, 58, 0
2, 79656, Note_on_c, 0, 51, 0
2, 79680, Note_on_c, 0, 51, 100
2, 79680, Note_on_c, 0, 58, 100
2, 79871, Control_c, 0, 7, 89
2, 80136, Note_on_c, 0, 58, 0
2, 80136, Note_on_c, 0, 51, 0
2, 80160, Note_on_c, 0, 51, 100
2, 80160, Note_on_c, 0, 56, 100
2, 80325, Control_c, 0, 7, 90
2, 80616, Note_on_c, 0, 47, 0
2, 80616, Note_on_c, 0, 56, 0
2, 80616, Note_on_c, 0, 51, 0
2, 80640, Note_on_c, 0, 47, 100
2, 81094, Control_c, 0, 7, 91
2, 81120, Note_on_c, 0, 51, 100
2, 81120, Note_on_c, 0, 56, 100
2, 81576, Note_on_c, 0, 56, 0
2, 81576, Note_on_c, 0, 51, 0
2, 81600, Note_on_c, 0, 51, 100
2, 81600, Note_on_c, 0, 56, 100
2, 81944, Control_c, 0, 7, 92
2, 82056, Note_on_c, 0, 47, 0
2, 82056, Note_on_c, 0, 56, 0
2, 82056, Note_on_c, 0, 51, 0
2, 82080, Note_on_c, 0, 49, 100
2, 82560, Note_on_c, 0, 52, 100
2, 82560, Note_on_c, 0, 58, 100
2, 82795, Control_c, 0, 7, 93
2, 83016, Note_on_c, 0, 58, 0
2, 83016, Note_on_c, 0, 52, 0
2, 83040, Note_on_c, 0, 52, 100
2, 83040, Note_on_c, 0, 58, 100
2, 83496, Note_on_c, 0, 58, 0
2, 83496, Note_on_c, 0, 52, 0
2, 83496, Note_on_c, 0, 49, 0
2, 83520, Note_on_c, 0, 49, 100
2, 83589, Control_c, 0, 7, 94
2, 84000, Note_on_c, 0, 52, 100
2, 84000, Note_on_c, 0, 58, 100
2, 84440, Control_c, 0, 7, 95
2, 84456, Note_on_c, 0, 58, 0
2, 84456, Note_on_c, 0, 52, 0
2, 84480, Note_on_c, 0, 52, 100
2, 84480, Note_on_c, 0, 58, 100
2, 84936, Note_on_c, 0, 49, 0
2, 84936, Note_on_c, 0, 58, 0
2, 84936, Note_on_c, 0, 52, 0
2, 84960, Note_on_c, 0, 51, 100
2, 85440, Note_on_c, 0, 54, 100
2, 85440, Note_on_c, 0, 59, 100
2, 85896, Note_on_c, 0, 59, 0
2, 85896, Note_on_c, 0, 54, 0
2, 85920, Note_on_c, 0, 54, 100
2, 85920, Note_on_c, 0, 59, 100
2, 86376, Note_on_c, 0, 59, 0
2, 86376, Note_on_c, 0, 54, 0
2, 86376, Note_on_c, 0, 51, 0
2, 86400, Note_on_c, 0, 51, 100
2, 86880, Note_on_c, 0, 54, 100
2, 86880, Note_on_c, 0, 59, 100
2, 87336, Note_on_c, 0, 59, 0
2, 87336, Note_on_c, 0, 54, 0
2, 87336, Note_on_c, 0, 51, 0
2, 87360, Note_on_c, 0, 52, 100
2, 87360, Note_on_c, 0, 55, 100
2, 87360, Note_on_c, 0, 60, 100
2, 87816, Note_on_c, 0, 60, 0
2, 87816, Note_on_c, 0, 55, 0
2, 87816, Note_on_c, 0, 52, 0
2, 87840, Note_on_c, 0, 53, 100
2, 88320, Note_on_c, 0, 56, 100
2, 88320, Note_on_c, 0, 61, 100
2, 88776, Note_on_c, 0, 61, 0
2, 88776, Note_on_c, 0, 56, 0
2, 88776, Note_on_c, 0, 53, 0
2, 88800, Note_on_c, 0, 54, 100
2, 88800, Note_on_c, 0, 57, 100
2, 88800, Note_on_c, 0, 62, 100
2, 89256, Note_on_c, 0, 62, 0
2, 89256, Note_on_c, 0, 57, 0
2, 89256, Note_on_c, 0, 54, 0
2, 89280, Note_on_c, 0, 55, 100
2, 89760, Note_on_c, 0, 58, 100
2, 89760, Note_on_c, 0, 62, 100
2, 90216, Note_on_c, 0, 62, 0
2, 90216, Note_on_c, 0, 58, 0
2, 90240, Note_on_c, 0, 58, 100
2, 90240, Note_on_c, 0, 64, 100
2, 90696, Note_on_c, 0, 64, 0
2, 90696, Note_on_c, 0, 58, 0
2, 90696, Note_on_c, 0, 55, 0
2, 90720, Note_on_c, 0, 56, 100
2, 91200, Note_on_c, 0, 59, 100
2, 91200, Note_on_c, 0, 64, 100
2, 91656, Note_on_c, 0, 56, 0
2, 91656, Note_on_c, 0, 64, 0
2, 91656, Note_on_c, 0, 59, 0
2, 95040, Note_on_c, 0, 56, 100
2, 95040, Note_on_c, 0, 61, 100
2, 95040, Note_on_c, 0, 65, 100
2, 95496, Note_on_c, 0, 65, 0
2, 95496, Note_on_c, 0, 61, 0
2, 95496, Note_on_c, 0, 56, 0
2, 97920, Control_c, 0, 7, 88
2, 97920, Note_on_c, 0, 44, 100
2, 98400, Note_on_c, 0, 54, 100
2, 98400, Note_on_c, 0, 63, 100
2, 98856, Note_on_c, 0, 63, 0
2, 98856, Note_on_c, 0, 54, 0
2, 98880, Note_on_c, 0, 54, 100
2, 98880, Note_on_c, 0, 63, 100
2, 99336, Note_on_c, 0, 44, 0
2, 99336, Note_on_c, 0, 63, 0
2, 99336, Note_on_c, 0, 54, 0
2, 99360, Note_on_c, 0, 46, 100
2, 99840, Note_on_c, 0, 53, 100
2, 99840, Note_on_c, 0, 62, 100
2, 100296, Note_on_c, 0, 62, 0
2, 100296, Note_on_c, 0, 53, 0
2, 100320, Note_on_c, 0, 53, 100
2, 100320, Note_on_c, 0, 62, 100
2, 100776, Note_on_c, 0, 62, 0
2, 100776, Note_on_c, 0, 53, 0
2, 100776, Note_on_c, 0, 46, 0
2, 100800, Note_on_c, 0, 47, 100
2, 101280, Note_on_c, 0, 54, 100
2, 101280, Note_on_c, 0, 63, 100
2, 101736, Note_on_c, 0, 63, 0
2, 101736, Note_on_c, 0, 54, 0
2, 101760, Note_on_c, 0, 54, 100
2, 101760, Note_on_c, 0, 63, 100
2, 102216, Note_on_c, 0, 63, 0
2, 102216, Note_on_c, 0, 54, 0
2, 102216, Note_on_c, 0, 47, 0
2, 102240, Note_on_c, 0, 48, 100
2, 102720, Note_on_c, 0, 54, 100
2, 102720, Note_on_c, 0, 57, 100
2, 102720, Note_on_c, 0, 63, 100
2, 103176, Note_on_c, 0, 63, 0
2, 103176, Note_on_c, 0, 57, 0
2, 103176, Note_on_c, 0, 54, 0
2, 103200, Note_on_c, 0, 54, 100
2, 103200, Note_on_c, 0, 57, 100
2, 103200, Note_on_c, 0, 63, 100
2, 103656, Note_on_c, 0, 48, 0
2, 103656, Note_on_c, 0, 63, 0
2, 103656, Note_on_c, 0, 57, 0
2, 103656, Note_on_c, 0, 54, 0
2, 103680, Note_on_c, 0, 49, 100
2, 104160, Note_on_c, 0, 54, 100
2, 104160, Note_on_c, 0, 58, 100
2, 104160, Note_on_c, 0, 61, 100
2, 104616, Note_on_c, 0, 61, 0
2, 104616, Note_on_c, 0, 58, 0
2, 104616, Note_on_c, 0, 54, 0
2, 104640, Note_on_c, 0, 54, 100
2, 104640, Note_on_c, 0, 58, 100
2, 104640, Note_on_c, 0, 61, 100
2, 105096, Note_on_c, 0, 61, 0
2, 105096, Note_on_c, 0, 58, 0
2, 105096, Note_on_c, 0, 54, 0
2, 105096, Note_on_c, 0, 49, 0
2, 105120, Note_on_c, 0, 49, 100
2, 105600, Note_on_c, 0, 55, 100
2, 105600, Note_on_c, 0, 58, 100
2, 105600, Note_on_c, 0, 61, 100
2, 106056, Note_on_c, 0, 61, 0
2, 106056, Note_on_c, 0, 58, 0
2, 106056, Note_on_c, 0, 55, 0
2, 106080, Note_on_c, 0, 55, 100
2, 106080, Note_on_c, 0, 58, 100
2, 106080, Note_on_c, 0, 61, 100
2, 106536, Note_on_c, 0, 49, 0
2, 106536, Note_on_c, 0, 61, 0
2, 106536, Note_on_c, 0, 58, 0
2, 106536, Note_on_c, 0, 55, 0
2, 106560, Note_on_c, 0, 49, 100
2, 107040, Note_on_c, 0, 56, 100
2, 107040, Note_on_c, 0, 59, 100
2, 107040, Note_on_c, 0, 61, 100
2, 107496, Note_on_c, 0, 61, 0
2, 107496, Note_on_c, 0, 59, 0
2, 107496, Note_on_c, 0, 56, 0
2, 107520, Note_on_c, 0, 56, 100
2, 107520, Note_on_c, 0, 59, 100
2, 107520, Note_on_c, 0, 61, 100
2, 107976, Note_on_c, 0, 61, 0
2, 107976, Note_on_c, 0, 59, 0
2, 107976, Note_on_c, 0, 56, 0
2, 107976, Note_on_c, 0, 49, 0
2, 108000, Note_on_c, 0, 49, 100
2, 108480, Note_on_c, 0, 56, 100
2, 108480, Note_on_c, 0, 59, 100
2, 108480, Note_on_c, 0, 61, 100
2, 108936, Note_on_c, 0, 61, 0
2, 108936, Note_on_c, 0, 59, 0
2, 108936, Note_on_c, 0, 56, 0
2, 108960, Note_on_c, 0, 56, 100
2, 108960, Note_on_c, 0, 59, 100
2, 108960, Note_on_c, 0, 61, 100
2, 109416, Note_on_c, 0, 61, 0
2, 109416, Note_on_c, 0, 59, 0
2, 109416, Note_on_c, 0, 56, 0
2, 109416, Note_on_c, 0, 49, 0
2, 109440, Note_on_c, 0, 42, 100
2, 109497, Control_c, 0, 7, 89
2, 109610, Control_c, 0, 7, 90
2, 109667, Control_c, 0, 7, 91
2, 109780, Control_c, 0, 7, 92
2, 109837, Control_c, 0, 7, 93
2, 109920, Note_on_c, 0, 54, 100
2, 109920, Note_on_c, 0, 58, 100
2, 109920, Note_on_c, 0, 61, 100
2, 109950, Control_c, 0, 7, 94
2, 110007, Control_c, 0, 7, 95
2, 110064, Control_c, 0, 7, 96
2, 110177, Control_c, 0, 7, 97
2, 110234, Control_c, 0, 7, 98
2, 110347, Control_c, 0, 7, 99
2, 110376, Note_on_c, 0, 61, 0
2, 110376, Note_on_c, 0, 58, 0
2, 110376, Note_on_c, 0, 54, 0
2, 110400, Note_on_c, 0, 61, 100
2, 110404, Control_c, 0, 7, 100
2, 110518, Control_c, 0, 7, 101
2, 110574, Control_c, 0, 7, 102
2, 110688, Control_c, 0, 7, 103
2, 110744, Control_c, 0, 7, 104
2, 110856, Note_on_c, 0, 42, 0
2, 110856, Note_on_c, 0, 61, 0
2, 110880, Note_on_c, 0, 73, 100
2, 110880, Note_on_c, 0, 53, 100
2, 111336, Note_on_c, 0, 73, 0
2, 111360, Note_on_c, 0, 75, 100
2, 111360, Note_on_c, 0, 56, 100
2, 111360, Note_on_c, 0, 61, 100
2, 111816, Note_on_c, 0, 61, 0
2, 111816, Note_on_c, 0, 56, 0
2, 111840, Note_on_c, 0, 56, 100
2, 111840, Note_on_c, 0, 61, 100
2, 112068, Note_on_c, 0, 75, 0
2, 112080, Note_on_c, 0, 73, 100
2, 112296, Note_on_c, 0, 61, 0
2, 112296, Note_on_c, 0, 56, 0
2, 112296, Note_on_c, 0, 53, 0
2, 112308, Note_on_c, 0, 73, 0
2, 112320, Note_on_c, 0, 73, 100
2, 112320, Note_on_c, 0, 51, 100
2, 112776, Note_on_c, 0, 73, 0
2, 112800, Note_on_c, 0, 71, 100
2, 112800, Note_on_c, 0, 54, 100
2, 112800, Note_on_c, 0, 59, 100
2, 113256, Note_on_c, 0, 59, 0
2, 113256, Note_on_c, 0, 54, 0
2, 113280, Note_on_c, 0, 54, 100
2, 113280, Note_on_c, 0, 59, 100
2, 113508, Note_on_c, 0, 71, 0
2, 113520, Note_on_c, 0, 70, 100
2, 113736, Note_on_c, 0, 51, 0
2, 113736, Note_on_c, 0, 59, 0
2, 113736, Note_on_c, 0, 54, 0
2, 113748, Note_on_c, 0, 70, 0
2, 113760, Note_on_c, 0, 70, 100
2, 113760, Note_on_c, 0, 49, 100
2, 113873, Control_c, 0, 7, 105
2, 113987, Control_c, 0, 7, 106
2, 114100, Control_c, 0, 7, 107
2, 114216, Note_on_c, 0, 70, 0
2, 114240, Note_on_c, 0, 68, 100
2, 114240, Note_on_c, 0, 54, 100
2, 114240, Note_on_c, 0, 64, 100
2, 114240, Note_on_c, 0, 58, 100
2, 114270, Control_c, 0, 7, 108
2, 114384, Control_c, 0, 7, 109
2, 114497, Control_c, 0, 7, 110
2, 114667, Control_c, 0, 7, 111
2, 114696, Note_on_c, 0, 58, 0
2, 114696, Note_on_c, 0, 64, 0
2, 114696, Note_on_c, 0, 54, 0
2, 114696, Note_on_c, 0, 68, 0
2, 114720, Note_on_c, 0, 66, 100
2, 114720, Note_on_c, 0, 54, 100
2, 114720, Note_on_c, 0, 64, 100
2, 114720, Note_on_c, 0, 58, 100
2, 114780, Control_c, 0, 7, 112
2, 114894, Control_c, 0, 7, 113
2, 115064, Control_c, 0, 7, 114
2, 115176, Note_on_c, 0, 58, 0
2, 115176, Note_on_c, 0, 64, 0
2, 115176, Note_on_c, 0, 54, 0
2, 115176, Note_on_c, 0, 66, 0
2, 115176, Note_on_c, 0, 49, 0
2, 115200, Note_on_c, 0, 78, 100
2, 115200, Note_on_c, 0, 47, 100
2, 115313, Control_c, 0, 7, 113
2, 115427, Control_c, 0, 7, 112
2, 115540, Control_c, 0, 7, 111
2, 115654, Control_c, 0, 7, 110
2, 115656, Note_on_c, 0, 47, 0
2, 115680, Note_on_c, 0, 54, 100
2, 115680, Note_on_c, 0, 63, 100
2, 115680, Note_on_c, 0, 59, 100
2, 115767, Control_c, 0, 7, 109
2, 115880, Control_c, 0, 7, 108
2, 115994, Control_c, 0, 7, 107
2, 116107, Control_c, 0, 7, 106
2, 116136, Note_on_c, 0, 59, 0
2, 116136, Note_on_c, 0, 63, 0
2, 116136, Note_on_c, 0, 54, 0
2, 116160, Note_on_c, 0, 54, 100
2, 116160, Note_on_c, 0, 63, 100
2, 116160, Note_on_c, 0, 59, 100
2, 116220, Control_c, 0, 7, 105
2, 116391, Control_c, 0, 7, 104
2, 116504, Control_c, 0, 7, 103
2, 116616, Note_on_c, 0, 59, 0
2, 116616, Note_on_c, 0, 63, 0
2, 116616, Note_on_c, 0, 54, 0
2, 116616, Note_on_c, 0, 78, 0
2, 116640, Note_on_c, 0, 68, 100
2, 116640, Note_on_c, 0, 47, 100
2, 116753, Control_c, 0, 7, 104
2, 116868, Note_on_c, 0, 68, 0
2, 116880, Note_on_c, 0, 70, 100
2, 116923, Control_c, 0, 7, 105
2, 117094, Control_c, 0, 7, 106
2, 117108, Note_on_c, 0, 70, 0
2, 117120, Note_on_c, 0, 71, 100
2, 117120, Note_on_c, 0, 54, 100
2, 117120, Note_on_c, 0, 62, 100
2, 117264, Control_c, 0, 7, 107
2, 117434, Control_c, 0, 7, 108
2, 117547, Control_c, 0, 7, 109
2, 117576, Note_on_c, 0, 62, 0
2, 117576, Note_on_c, 0, 54, 0
2, 117576, Note_on_c, 0, 71, 0
2, 117600, Note_on_c, 0, 71, 100
2, 117600, Note_on_c, 0, 54, 100
2, 117600, Note_on_c, 0, 62, 100
2, 117718, Control_c, 0, 7, 110
2, 117888, Control_c, 0, 7, 111
2, 118056, Note_on_c, 0, 47, 0
2, 118056, Note_on_c, 0, 62, 0
2, 118056, Note_on_c, 0, 54, 0
2, 118056, Note_on_c, 0, 71, 0
2, 118080, Note_on_c, 0, 49, 100
2, 118080, Note_on_c, 0, 71, 100
2, 118193, Control_c, 0, 7, 110
2, 118232, Note_on_c, 0, 71, 0
2, 118239, Note_on_c, 0, 73, 100
2, 118307, Control_c, 0, 7, 109
2, 118391, Note_on_c, 0, 73, 0
2, 118399, Note_on_c, 0, 71, 100
2, 118420, Control_c, 0, 7, 108
2, 118534, Control_c, 0, 7, 107
2, 118550, Note_on_c, 0, 71, 0
2, 118560, Note_on_c, 0, 70, 100
2, 118560, Note_on_c, 0, 54, 100
2, 118560, Note_on_c, 0, 58, 100
2, 118560, Note_on_c, 0, 61, 100
2, 118647, Control_c, 0, 7, 106
2, 118760, Control_c, 0, 7, 105
2, 118788, Note_on_c, 0, 70, 0
2, 118800, Note_on_c, 0, 66, 100
2, 118874, Control_c, 0, 7, 104
2, 118987, Control_c, 0, 7, 103
2, 119016, Note_on_c, 0, 61, 0
2, 119016, Note_on_c, 0, 58, 0
2, 119016, Note_on_c, 0, 54, 0
2, 119028, Note_on_c, 0, 66, 0
2, 119040, Note_on_c, 0, 70, 100
2, 119040, Note_on_c, 0, 54, 100
2, 119040, Note_on_c, 0, 58, 100
2, 119040, Note_on_c, 0, 61, 100
2, 119100, Control_c, 0, 7, 102
2, 119214, Control_c, 0, 7, 101
2, 119328, Control_c, 0, 7, 100
2, 119441, Control_c, 0, 7, 99
2, 119496, Note_on_c, 0, 61, 0
2, 119496, Note_on_c, 0, 58, 0
2, 119496, Note_on_c, 0, 54, 0
2, 119496, Note_on_c, 0, 70, 0
2, 119496, Note_on_c, 0, 49, 0
2, 119520, Note_on_c, 0, 49, 100
2, 119520, Note_on_c, 0, 70, 100
2, 119555, Control_c, 0, 7, 98
2, 119668, Control_c, 0, 7, 97
2, 119672, Note_on_c, 0, 70, 0
2, 119679, Note_on_c, 0, 71, 100
2, 119781, Control_c, 0, 7, 96
2, 119831, Note_on_c, 0, 71, 0
2, 119839, Note_on_c, 0, 70, 100
2, 119895, Control_c, 0, 7, 95
2, 119990, Note_on_c, 0, 70, 0
2, 120000, Note_on_c, 0, 68, 100
2, 120000, Note_on_c, 0, 53, 100
2, 120000, Note_on_c, 0, 59, 100
2, 120008, Control_c, 0, 7, 94
2, 120121, Control_c, 0, 7, 93
2, 120228, Note_on_c, 0, 68, 0
2, 120235, Control_c, 0, 7, 92
2, 120240, Note_on_c, 0, 61, 100
2, 120405, Control_c, 0, 7, 91
2, 120456, Note_on_c, 0, 59, 0
2, 120456, Note_on_c, 0, 53, 0
2, 120468, Note_on_c, 0, 61, 0
2, 120480, Note_on_c, 0, 68, 100
2, 120480, Note_on_c, 0, 53, 100
2, 120480, Note_on_c, 0, 59, 100
2, 120519, Control_c, 0, 7, 90
2, 120632, Control_c, 0, 7, 89
2, 120745, Control_c, 0, 7, 88
2, 120859, Control_c, 0, 7, 87
2, 120936, Note_on_c, 0, 49, 0
2, 120936, Note_on_c, 0, 59, 0
2, 120936, Note_on_c, 0, 53, 0
2, 120936, Note_on_c, 0, 68, 0
2, 120960, Note_on_c, 0, 66, 100
2, 120960, Note_on_c, 0, 42, 100
2, 120972, Control_c, 0, 7, 86
2, 121086, Control_c, 0, 7, 85
2, 121200, Control_c, 0, 7, 84
2, 121313, Control_c, 0, 7, 83
2, 121416, Note_on_c, 0, 42, 0
2, 121416, Note_on_c, 0, 66, 0
2, 121426, Control_c, 0, 7, 82
2, 121440, Note_on_c, 0, 49, 100
2, 121440, Note_on_c, 0, 58, 100
2, 121540, Control_c, 0, 7, 81
2, 121653, Control_c, 0, 7, 80
2, 121766, Control_c, 0, 7, 79
2, 121880, Control_c, 0, 7, 78
2, 121896, Note_on_c, 0, 58, 0
2, 121896, Note_on_c, 0, 49, 0
2, 122400, End_track
3, 0, Start_track
3, 0, Title_t, "Voice"
3, 0, Control_c, 1, 7, 95
3, 0, Control_c, 1, 0, 0
3, 0, Control_c, 1, 32, 0
3, 0, Program_c, 1, 53
3, 0, Control_c, 1, 1, 0
3, 0, Control_c, 1, 10, 64
3, 0, Control_c, 1, 91, 0
3, 0, Control_c, 1, 93, 0
3, 0, Key_signature, -6, "major"
3, 11520, Note_on_c, 1, 70, 100
3, 11976, Note_on_c, 1, 70, 0
3, 12000, Note_on_c, 1, 71, 100
3, 12456, Note_on_c, 1, 71, 0
3, 12480, Note_on_c, 1, 70, 100
3, 12936, Note_on_c, 1, 70, 0
3, 12960, Note_on_c, 1, 68, 100
3, 13896, Note_on_c, 1, 68, 0
3, 13920, Note_on_c, 1, 61, 100
3, 14376, Note_on_c, 1, 61, 0
3, 14400, Note_on_c, 1, 61, 100
3, 14457, Control_c, 1, 7, 96
3, 14513, Control_c, 1, 7, 97
3, 14627, Control_c, 1, 7, 98
3, 14628, Note_on_c, 1, 61, 0
3, 14640, Note_on_c, 1, 65, 100
3, 14683, Control_c, 1, 7, 99
3, 14740, Control_c, 1, 7, 100
3, 14854, Control_c, 1, 7, 101
3, 14868, Note_on_c, 1, 65, 0
3, 14880, Note_on_c, 1, 68, 100
3, 14910, Control_c, 1, 7, 102
3, 14967, Control_c, 1, 7, 103
3, 15024, Control_c, 1, 7, 104
3, 15137, Control_c, 1, 7, 105
3, 15194, Control_c, 1, 7, 106
3, 15251, Control_c, 1, 7, 107
3, 15336, Note_on_c, 1, 68, 0
3, 15360, Note_on_c, 1, 71, 100
3, 15364, Control_c, 1, 7, 108
3, 15421, Control_c, 1, 7, 109
3, 15478, Control_c, 1, 7, 110
3, 15591, Control_c, 1, 7, 111
3, 15648, Control_c, 1, 7, 112
3, 15704, Control_c, 1, 7, 113
3, 15816, Note_on_c, 1, 71, 0
3, 15840, Note_on_c, 1, 75, 100
3, 15897, Control_c, 1, 7, 112
3, 15953, Control_c, 1, 7, 111
3, 16067, Control_c, 1, 7, 110
3, 16123, Control_c, 1, 7, 109
3, 16180, Control_c, 1, 7, 108
3, 16294, Control_c, 1, 7, 107
3, 16350, Control_c, 1, 7, 106
3, 16407, Control_c, 1, 7, 105
3, 16464, Control_c, 1, 7, 104
3, 16577, Control_c, 1, 7, 103
3, 16634, Control_c, 1, 7, 102
3, 16691, Control_c, 1, 7, 101
3, 16776, Note_on_c, 1, 75, 0
3, 16800, Note_on_c, 1, 73, 100
3, 16804, Control_c, 1, 7, 100
3, 16861, Control_c, 1, 7, 99
3, 16918, Control_c, 1, 7, 98
3, 17031, Control_c, 1, 7, 97
3, 17088, Control_c, 1, 7, 96
3, 17144, Control_c, 1, 7, 95
3, 17256, Note_on_c, 1, 73, 0
3, 17280, Note_on_c, 1, 70, 100
3, 17736, Note_on_c, 1, 70, 0
3, 17760, Note_on_c, 1, 69, 100
3, 18216, Note_on_c, 1, 69, 0
3, 18240, Note_on_c, 1, 70, 100
3, 18696, Note_on_c, 1, 70, 0
3, 18720, Note_on_c, 1, 73, 100
3, 19656, Note_on_c, 1, 73, 0
3, 19680, Note_on_c, 1, 71, 100
3, 19908, Note_on_c, 1, 71, 0
3, 19920, Note_on_c, 1, 70, 100
3, 20148, Note_on_c, 1, 70, 0
3, 20160, Note_on_c, 1, 70, 100
3, 20513, Control_c, 1, 7, 94
3, 20683, Control_c, 1, 7, 93
3, 20797, Control_c, 1, 7, 92
3, 20868, Note_on_c, 1, 70, 0
3, 20880, Note_on_c, 1, 68, 100
3, 20967, Control_c, 1, 7, 91
3, 21108, Note_on_c, 1, 68, 0
3, 21120, Note_on_c, 1, 70, 100
3, 21137, Control_c, 1, 7, 90
3, 21251, Control_c, 1, 7, 89
3, 21348, Note_on_c, 1, 70, 0
3, 21360, Note_on_c, 1, 68, 100
3, 21421, Control_c, 1, 7, 88
3, 21588, Note_on_c, 1, 68, 0
3, 21600, Note_on_c, 1, 66, 100
3, 22536, Note_on_c, 1, 66, 0
3, 22560, Note_on_c, 1, 61, 100
3, 22617, Control_c, 1, 7, 89
3, 22673, Control_c, 1, 7, 90
3, 22730, Control_c, 1, 7, 91
3, 22787, Control_c, 1, 7, 92
3, 22843, Control_c, 1, 7, 94
3, 22900, Control_c, 1, 7, 95
3, 23016, Note_on_c, 1, 61, 0
3, 23040, Note_on_c, 1, 70, 100
3, 23439, Note_on_c, 1, 70, 0
3, 23460, Note_on_c, 1, 73, 100
3, 23517, Note_on_c, 1, 73, 0
3, 23520, Note_on_c, 1, 71, 100
3, 23976, Note_on_c, 1, 71, 0
3, 24000, Note_on_c, 1, 70, 100
3, 24456, Note_on_c, 1, 70, 0
3, 24480, Note_on_c, 1, 68, 100
3, 25416, Note_on_c, 1, 68, 0
3, 25440, Note_on_c, 1, 61, 100
3, 25896, Note_on_c, 1, 61, 0
3, 25920, Note_on_c, 1, 61, 100
3, 25977, Control_c, 1, 7, 96
3, 26033, Control_c, 1, 7, 97
3, 26090, Control_c, 1, 7, 98
3, 26203, Control_c, 1, 7, 99
3, 26260, Control_c, 1, 7, 100
3, 26317, Control_c, 1, 7, 101
3, 26374, Control_c, 1, 7, 102
3, 26430, Control_c, 1, 7, 103
3, 26487, Control_c, 1, 7, 104
3, 26601, Control_c, 1, 7, 105
3, 26628, Note_on_c, 1, 61, 0
3, 26640, Note_on_c, 1, 65, 100
3, 26657, Control_c, 1, 7, 106
3, 26714, Control_c, 1, 7, 107
3, 26771, Control_c, 1, 7, 108
3, 26827, Control_c, 1, 7, 109
3, 26868, Note_on_c, 1, 65, 0
3, 26880, Note_on_c, 1, 68, 100
3, 26884, Control_c, 1, 7, 110
3, 26998, Control_c, 1, 7, 111
3, 27054, Control_c, 1, 7, 112
3, 27108, Note_on_c, 1, 68, 0
3, 27111, Control_c, 1, 7, 113
3, 27120, Note_on_c, 1, 71, 100
3, 27168, Control_c, 1, 7, 114
3, 27224, Control_c, 1, 7, 115
3, 27348, Note_on_c, 1, 71, 0
3, 27360, Note_on_c, 1, 75, 100
3, 27417, Control_c, 1, 7, 114
3, 27530, Control_c, 1, 7, 113
3, 27587, Control_c, 1, 7, 112
3, 27643, Control_c, 1, 7, 111
3, 27757, Control_c, 1, 7, 110
3, 27814, Control_c, 1, 7, 109
3, 27870, Control_c, 1, 7, 108
3, 27984, Control_c, 1, 7, 107
3, 28041, Control_c, 1, 7, 106
3, 28154, Control_c, 1, 7, 105
3, 28211, Control_c, 1, 7, 104
3, 28267, Control_c, 1, 7, 103
3, 28296, Note_on_c, 1, 75, 0
3, 28320, Note_on_c, 1, 73, 100
3, 28381, Control_c, 1, 7, 102
3, 28438, Control_c, 1, 7, 101
3, 28494, Control_c, 1, 7, 100
3, 28608, Control_c, 1, 7, 99
3, 28664, Control_c, 1, 7, 98
3, 28776, Note_on_c, 1, 73, 0
3, 28800, Note_on_c, 1, 70, 100
3, 29256, Note_on_c, 1, 70, 0
3, 29280, Note_on_c, 1, 69, 100
3, 29988, Note_on_c, 1, 69, 0
3, 30000, Note_on_c, 1, 70, 100
3, 30228, Note_on_c, 1, 70, 0
3, 30240, Note_on_c, 1, 71, 100
3, 30948, Note_on_c, 1, 71, 0
3, 30960, Note_on_c, 1, 65, 100
3, 31188, Note_on_c, 1, 65, 0
3, 31200, Note_on_c, 1, 65, 100
3, 31656, Note_on_c, 1, 65, 0
3, 31680, Note_on_c, 1, 71, 100
3, 31832, Note_on_c, 1, 71, 0
3, 31839, Note_on_c, 1, 73, 100
3, 31991, Note_on_c, 1, 73, 0
3, 31999, Note_on_c, 1, 71, 100
3, 32150, Note_on_c, 1, 71, 0
3, 32158, Note_on_c, 1, 70, 100
3, 32614, Note_on_c, 1, 70, 0
3, 32640, Note_on_c, 1, 71, 100
3, 33096, Note_on_c, 1, 71, 0
3, 33120, Note_on_c, 1, 73, 100
3, 34056, Note_on_c, 1, 73, 0
3, 34080, Note_on_c, 1, 70, 100
3, 34536, Note_on_c, 1, 70, 0
3, 34560, Note_on_c, 1, 71, 100
3, 35016, Note_on_c, 1, 71, 0
3, 35040, Note_on_c, 1, 70, 100
3, 35496, Note_on_c, 1, 70, 0
3, 35520, Note_on_c, 1, 68, 100
3, 35976, Note_on_c, 1, 68, 0
3, 36000, Note_on_c, 1, 70, 100
3, 36456, Note_on_c, 1, 70, 0
3, 36480, Note_on_c, 1, 68, 100
3, 36936, Note_on_c, 1, 68, 0
3, 36960, Note_on_c, 1, 68, 100
3, 37188, Note_on_c, 1, 68, 0
3, 37200, Note_on_c, 1, 69, 100
3, 37428, Note_on_c, 1, 69, 0
3, 37440, Note_on_c, 1, 70, 100
3, 37668, Note_on_c, 1, 70, 0
3, 37680, Note_on_c, 1, 68, 100
3, 37908, Note_on_c, 1, 68, 0
3, 37920, Note_on_c, 1, 66, 100
3, 38376, Note_on_c, 1, 66, 0
3, 38400, Note_on_c, 1, 65, 100
3, 38628, Note_on_c, 1, 65, 0
3, 38640, Note_on_c, 1, 63, 100
3, 38868, Note_on_c, 1, 63, 0
3, 38880, Note_on_c, 1, 63, 100
3, 39816, Note_on_c, 1, 63, 0
3, 39840, Note_on_c, 1, 61, 100
3, 40296, Note_on_c, 1, 61, 0
3, 40320, Note_on_c, 1, 69, 100
3, 40433, Control_c, 1, 7, 99
3, 40547, Control_c, 1, 7, 100
3, 40660, Control_c, 1, 7, 101
3, 40774, Control_c, 1, 7, 102
3, 40776, Note_on_c, 1, 69, 0
3, 40800, Note_on_c, 1, 69, 100
3, 40887, Control_c, 1, 7, 103
3, 41001, Control_c, 1, 7, 104
3, 41114, Control_c, 1, 7, 105
3, 41227, Control_c, 1, 7, 106
3, 41256, Note_on_c, 1, 69, 0
3, 41280, Note_on_c, 1, 69, 100
3, 41341, Control_c, 1, 7, 107
3, 41511, Control_c, 1, 7, 108
3, 41624, Control_c, 1, 7, 109
3, 41736, Note_on_c, 1, 69, 0
3, 41760, Note_on_c, 1, 69, 100
3, 41817, Control_c, 1, 7, 108
3, 41930, Control_c, 1, 7, 107
3, 41987, Control_c, 1, 7, 106
3, 42100, Control_c, 1, 7, 105
3, 42157, Control_c, 1, 7, 104
3, 42270, Control_c, 1, 7, 103
3, 42384, Control_c, 1, 7, 102
3, 42441, Control_c, 1, 7, 101
3, 42554, Control_c, 1, 7, 100
3, 42611, Control_c, 1, 7, 99
3, 42696, Note_on_c, 1, 69, 0
3, 42720, Control_c, 1, 7, 98
3, 42720, Note_on_c, 1, 68, 100
3, 43176, Note_on_c, 1, 68, 0
3, 43200, Note_on_c, 1, 69, 100
3, 43257, Control_c, 1, 7, 100
3, 43313, Control_c, 1, 7, 101
3, 43370, Control_c, 1, 7, 103
3, 43427, Control_c, 1, 7, 105
3, 43428, Note_on_c, 1, 69, 0
3, 43440, Note_on_c, 1, 69, 100
3, 43483, Control_c, 1, 7, 106
3, 43540, Control_c, 1, 7, 108
3, 43597, Control_c, 1, 7, 110
3, 43654, Control_c, 1, 7, 111
3, 43668, Note_on_c, 1, 69, 0
3, 43680, Control_c, 1, 7, 112
3, 43680, Note_on_c, 1, 71, 100
3, 43977, Control_c, 1, 7, 111
3, 44033, Control_c, 1, 7, 109
3, 44090, Control_c, 1, 7, 108
3, 44136, Note_on_c, 1, 71, 0
3, 44147, Control_c, 1, 7, 107
3, 44160, Note_on_c, 1, 69, 100
3, 44203, Control_c, 1, 7, 105
3, 44260, Control_c, 1, 7, 104
3, 44317, Control_c, 1, 7, 103
3, 44374, Control_c, 1, 7, 101
3, 44430, Control_c, 1, 7, 100
3, 44487, Control_c, 1, 7, 99
3, 44520, Control_c, 1, 7, 98
3, 44616, Note_on_c, 1, 69, 0
3, 44640, Note_on_c, 1, 69, 100
3, 45576, Note_on_c, 1, 69, 0
3, 45600, Note_on_c, 1, 68, 100
3, 46056, Note_on_c, 1, 68, 0
3, 46080, Note_on_c, 1, 67, 100
3, 46536, Note_on_c, 1, 67, 0
3, 46560, Note_on_c, 1, 67, 100
3, 47016, Note_on_c, 1, 67, 0
3, 47040, Note_on_c, 1, 67, 100
3, 47496, Note_on_c, 1, 67, 0
3, 47520, Note_on_c, 1, 67, 100
3, 48456, Note_on_c, 1, 67, 0
3, 48480, Note_on_c, 1, 66, 100
3, 48936, Note_on_c, 1, 66, 0
3, 48960, Note_on_c, 1, 66, 100
3, 49017, Control_c, 1, 7, 101
3, 49073, Control_c, 1, 7, 103
3, 49130, Control_c, 1, 7, 106
3, 49187, Control_c, 1, 7, 108
3, 49188, Note_on_c, 1, 66, 0
3, 49200, Note_on_c, 1, 66, 100
3, 49243, Control_c, 1, 7, 111
3, 49300, Control_c, 1, 7, 114
3, 49357, Control_c, 1, 7, 116
3, 49414, Control_c, 1, 7, 119
3, 49428, Note_on_c, 1, 66, 0
3, 49440, Control_c, 1, 7, 120
3, 49440, Note_on_c, 1, 80, 100
3, 49617, Control_c, 1, 7, 119
3, 49730, Control_c, 1, 7, 118
3, 49843, Control_c, 1, 7, 117
3, 49896, Note_on_c, 1, 80, 0
3, 49920, Note_on_c, 1, 78, 100
3, 49957, Control_c, 1, 7, 116
3, 50014, Control_c, 1, 7, 115
3, 50127, Control_c, 1, 7, 114
3, 50241, Control_c, 1, 7, 113
3, 50297, Control_c, 1, 7, 112
3, 50376, Note_on_c, 1, 78, 0
3, 50400, Note_on_c, 1, 77, 100
3, 50411, Control_c, 1, 7, 111
3, 50524, Control_c, 1, 7, 110
3, 50638, Control_c, 1, 7, 109
3, 50694, Control_c, 1, 7, 108
3, 50808, Control_c, 1, 7, 107
3, 50921, Control_c, 1, 7, 106
3, 51035, Control_c, 1, 7, 105
3, 51091, Control_c, 1, 7, 104
3, 51108, Note_on_c, 1, 77, 0
3, 51120, Note_on_c, 1, 75, 100
3, 51204, Control_c, 1, 7, 103
3, 51302, Note_on_c, 1, 75, 0
3, 51318, Control_c, 1, 7, 102
3, 51360, Note_on_c, 1, 73, 100
3, 51432, Control_c, 1, 7, 101
3, 51488, Control_c, 1, 7, 100
3, 51542, Note_on_c, 1, 73, 0
3, 51600, Note_on_c, 1, 71, 100
3, 51602, Control_c, 1, 7, 99
3, 51715, Control_c, 1, 7, 98
3, 51828, Note_on_c, 1, 71, 0
3, 51840, Note_on_c, 1, 70, 100
3, 52296, Note_on_c, 1, 70, 0
3, 52320, Note_on_c, 1, 71, 100
3, 52776, Note_on_c, 1, 71, 0
3, 52800, Note_on_c, 1, 70, 100
3, 53256, Note_on_c, 1, 70, 0
3, 53280, Note_on_c, 1, 68, 100
3, 54216, Note_on_c, 1, 68, 0
3, 54240, Note_on_c, 1, 61, 100
3, 54696, Note_on_c, 1, 61, 0
3, 54720, Note_on_c, 1, 61, 100
3, 54833, Control_c, 1, 7, 99
3, 54947, Control_c, 1, 7, 100
3, 54948, Note_on_c, 1, 61, 0
3, 54960, Note_on_c, 1, 65, 100
3, 55060, Control_c, 1, 7, 101
3, 55174, Control_c, 1, 7, 102
3, 55188, Note_on_c, 1, 65, 0
3, 55200, Note_on_c, 1, 68, 100
3, 55344, Control_c, 1, 7, 103
3, 55428, Note_on_c, 1, 68, 0
3, 55457, Control_c, 1, 7, 104
3, 55571, Control_c, 1, 7, 105
3, 55680, Note_on_c, 1, 71, 100
3, 55741, Control_c, 1, 7, 106
3, 55854, Control_c, 1, 7, 107
3, 55968, Control_c, 1, 7, 108
3, 56081, Control_c, 1, 7, 109
3, 56136, Note_on_c, 1, 71, 0
3, 56160, Note_on_c, 1, 75, 100
3, 56251, Control_c, 1, 7, 110
3, 56364, Control_c, 1, 7, 111
3, 56697, Control_c, 1, 7, 110
3, 56753, Control_c, 1, 7, 109
3, 56810, Control_c, 1, 7, 108
3, 56867, Control_c, 1, 7, 107
3, 56980, Control_c, 1, 7, 106
3, 57037, Control_c, 1, 7, 105
3, 57094, Control_c, 1, 7, 104
3, 57096, Note_on_c, 1, 75, 0
3, 57120, Note_on_c, 1, 73, 100
3, 57150, Control_c, 1, 7, 103
3, 57207, Control_c, 1, 7, 102
3, 57264, Control_c, 1, 7, 101
3, 57321, Control_c, 1, 7, 100
3, 57434, Control_c, 1, 7, 99
3, 57480, Control_c, 1, 7, 98
3, 57576, Note_on_c, 1, 73, 0
3, 57600, Note_on_c, 1, 70, 100
3, 58056, Note_on_c, 1, 70, 0
3, 58080, Note_on_c, 1, 69, 100
3, 58536, Note_on_c, 1, 69, 0
3, 58560, Note_on_c, 1, 70, 100
3, 59016, Note_on_c, 1, 70, 0
3, 59040, Note_on_c, 1, 73, 100
3, 59153, Control_c, 1, 7, 99
3, 59267, Control_c, 1, 7, 100
3, 59437, Control_c, 1, 7, 101
3, 59550, Control_c, 1, 7, 102
3, 59664, Control_c, 1, 7, 103
3, 59834, Control_c, 1, 7, 104
3, 59947, Control_c, 1, 7, 105
3, 59976, Note_on_c, 1, 73, 0
3, 60000, Note_on_c, 1, 71, 100
3, 60228, Note_on_c, 1, 71, 0
3, 60240, Note_on_c, 1, 70, 100
3, 60468, Note_on_c, 1, 70, 0
3, 60480, Note_on_c, 1, 70, 100
3, 60593, Control_c, 1, 7, 104
3, 60763, Control_c, 1, 7, 103
3, 60990, Control_c, 1, 7, 102
3, 61161, Control_c, 1, 7, 101
3, 61188, Note_on_c, 1, 70, 0
3, 61200, Note_on_c, 1, 68, 100
3, 61331, Control_c, 1, 7, 100
3, 61428, Note_on_c, 1, 68, 0
3, 61440, Note_on_c, 1, 70, 100
3, 61558, Control_c, 1, 7, 99
3, 61668, Note_on_c, 1, 70, 0
3, 61680, Note_on_c, 1, 68, 100
3, 61728, Control_c, 1, 7, 98
3, 61908, Note_on_c, 1, 68, 0
3, 61920, Note_on_c, 1, 66, 100
3, 62856, Note_on_c, 1, 66, 0
3, 62880, Note_on_c, 1, 61, 100
3, 62937, Control_c, 1, 7, 97
3, 62993, Control_c, 1, 7, 95
3, 63050, Control_c, 1, 7, 94
3, 63107, Control_c, 1, 7, 93
3, 63163, Control_c, 1, 7, 92
3, 63220, Control_c, 1, 7, 90
3, 63336, Note_on_c, 1, 61, 0
3, 63360, Note_on_c, 1, 70, 100
3, 63759, Note_on_c, 1, 70, 0
3, 63780, Note_on_c, 1, 73, 100
3, 63837, Note_on_c, 1, 73, 0
3, 63840, Note_on_c, 1, 71, 100
3, 64296, Note_on_c, 1, 71, 0
3, 64320, Note_on_c, 1, 70, 100
3, 64776, Note_on_c, 1, 70, 0
3, 64800, Note_on_c, 1, 68, 100
3, 65736, Note_on_c, 1, 68, 0
3, 65760, Note_on_c, 1, 61, 100
3, 66216, Note_on_c, 1, 61, 0
3, 66240, Note_on_c, 1, 61, 100
3, 66353, Control_c, 1, 7, 91
3, 66467, Control_c, 1, 7, 92
3, 66468, Note_on_c, 1, 61, 0
3, 66480, Note_on_c, 1, 65, 100
3, 66580, Control_c, 1, 7, 93
3, 66708, Note_on_c, 1, 65, 0
3, 66720, Note_on_c, 1, 68, 100
3, 66750, Control_c, 1, 7, 94
3, 66864, Control_c, 1, 7, 95
3, 66977, Control_c, 1, 7, 96
3, 67091, Control_c, 1, 7, 97
3, 67176, Note_on_c, 1, 68, 0
3, 67200, Note_on_c, 1, 71, 100
3, 67260, Control_c, 1, 7, 98
3, 67374, Control_c, 1, 7, 99
3, 67488, Control_c, 1, 7, 100
3, 67656, Note_on_c, 1, 71, 0
3, 67658, Control_c, 1, 7, 101
3, 67680, Note_on_c, 1, 75, 100
3, 67771, Control_c, 1, 7, 102
3, 67977, Control_c, 1, 7, 101
3, 68090, Control_c, 1, 7, 100
3, 68147, Control_c, 1, 7, 99
3, 68260, Control_c, 1, 7, 98
3, 68374, Control_c, 1, 7, 97
3, 68430, Control_c, 1, 7, 96
3, 68544, Control_c, 1, 7, 95
3, 68600, Control_c, 1, 7, 94
3, 68616, Note_on_c, 1, 75, 0
3, 68640, Note_on_c, 1, 73, 100
3, 68714, Control_c, 1, 7, 93
3, 68827, Control_c, 1, 7, 92
3, 68868, Note_on_c, 1, 73, 0
3, 68880, Note_on_c, 1, 70, 100
3, 68884, Control_c, 1, 7, 91
3, 68998, Control_c, 1, 7, 90
3, 69108, Note_on_c, 1, 70, 0
3, 69120, Note_on_c, 1, 68, 100
3, 69576, Note_on_c, 1, 68, 0
3, 71520, Note_on_c, 1, 70, 100
3, 71577, Control_c, 1, 7, 91
3, 71633, Control_c, 1, 7, 93
3, 71690, Control_c, 1, 7, 94
3, 71747, Control_c, 1, 7, 96
3, 71803, Control_c, 1, 7, 97
3, 71860, Control_c, 1, 7, 99
3, 71917, Control_c, 1, 7, 100
3, 71974, Control_c, 1, 7, 101
3, 71976, Note_on_c, 1, 70, 0
3, 72000, Note_on_c, 1, 70, 100
3, 72030, Control_c, 1, 7, 103
3, 72087, Control_c, 1, 7, 104
3, 72120, Control_c, 1, 7, 105
3, 72297, Control_c, 1, 7, 104
3, 72410, Control_c, 1, 7, 103
3, 72523, Control_c, 1, 7, 102
3, 72637, Control_c, 1, 7, 101
3, 72694, Control_c, 1, 7, 100
3, 72807, Control_c, 1, 7, 99
3, 72920, Control_c, 1, 7, 98
3, 72936, Note_on_c, 1, 70, 0
3, 72960, Note_on_c, 1, 68, 100
3, 72977, Control_c, 1, 7, 97
3, 73091, Control_c, 1, 7, 96
3, 73204, Control_c, 1, 7, 95
3, 73318, Control_c, 1, 7, 94
3, 73416, Note_on_c, 1, 68, 0
3, 74400, Note_on_c, 1, 70, 100
3, 74683, Control_c, 1, 7, 95
3, 74856, Note_on_c, 1, 70, 0
3, 74880, Note_on_c, 1, 70, 100
3, 75251, Control_c, 1, 7, 96
3, 75818, Control_c, 1, 7, 97
3, 76385, Control_c, 1, 7, 98
3, 76952, Control_c, 1, 7, 99
3, 77160, Note_on_c, 1, 70, 0
3, 77280, Note_on_c, 1, 68, 100
3, 77520, Control_c, 1, 7, 100
3, 77736, Note_on_c, 1, 68, 0
3, 77760, Note_on_c, 1, 70, 100
3, 78086, Control_c, 1, 7, 101
3, 78654, Control_c, 1, 7, 102
3, 79221, Control_c, 1, 7, 103
3, 79788, Control_c, 1, 7, 104
3, 80040, Note_on_c, 1, 70, 0
3, 80160, Note_on_c, 1, 68, 100
3, 80355, Control_c, 1, 7, 105
3, 80616, Note_on_c, 1, 68, 0
3, 80640, Note_on_c, 1, 70, 100
3, 80754, Note_on_c, 1, 70, 0
3, 80760, Note_on_c, 1, 68, 100
3, 80922, Control_c, 1, 7, 106
3, 81102, Note_on_c, 1, 68, 0
3, 81120, Note_on_c, 1, 67, 100
3, 81490, Control_c, 1, 7, 107
3, 81576, Note_on_c, 1, 67, 0
3, 81600, Note_on_c, 1, 68, 100
3, 82056, Note_on_c, 1, 68, 0
3, 82057, Control_c, 1, 7, 108
3, 82080, Note_on_c, 1, 71, 100
3, 82536, Note_on_c, 1, 71, 0
3, 82560, Note_on_c, 1, 70, 100
3, 82567, Control_c, 1, 7, 109
3, 83016, Note_on_c, 1, 70, 0
3, 83040, Note_on_c, 1, 70, 100
3, 83135, Control_c, 1, 7, 110
3, 83496, Note_on_c, 1, 70, 0
3, 83520, Note_on_c, 1, 70, 100
3, 83701, Control_c, 1, 7, 111
3, 83976, Note_on_c, 1, 70, 0
3, 84000, Note_on_c, 1, 69, 100
3, 84269, Control_c, 1, 7, 112
3, 84456, Note_on_c, 1, 69, 0
3, 84480, Note_on_c, 1, 70, 100
3, 84836, Control_c, 1, 7, 113
3, 84936, Note_on_c, 1, 70, 0
3, 84960, Note_on_c, 1, 73, 100
3, 85403, Control_c, 1, 7, 114
3, 85896, Note_on_c, 1, 73, 0
3, 85920, Note_on_c, 1, 71, 100
3, 85970, Control_c, 1, 7, 115
3, 86376, Note_on_c, 1, 71, 0
3, 86400, Note_on_c, 1, 71, 100
3, 86538, Control_c, 1, 7, 116
3, 86856, Note_on_c, 1, 71, 0
3, 86880, Note_on_c, 1, 71, 100
3, 87105, Control_c, 1, 7, 117
3, 87336, Note_on_c, 1, 71, 0
3, 87360, Note_on_c, 1, 72, 100
3, 87672, Control_c, 1, 7, 118
3, 87816, Note_on_c, 1, 72, 0
3, 87840, Note_on_c, 1, 73, 100
3, 88239, Control_c, 1, 7, 119
3, 88548, Note_on_c, 1, 73, 0
3, 88560, Note_on_c, 1, 73, 100
3, 88788, Note_on_c, 1, 73, 0
3, 88800, Note_on_c, 1, 74, 100
3, 88806, Control_c, 1, 7, 120
3, 89256, Note_on_c, 1, 74, 0
3, 89280, Note_on_c, 1, 75, 100
3, 89374, Control_c, 1, 7, 121
3, 89736, Note_on_c, 1, 75, 0
3, 89760, Note_on_c, 1, 74, 100
3, 89884, Control_c, 1, 7, 122
3, 90216, Note_on_c, 1, 74, 0
3, 90240, Note_on_c, 1, 75, 100
3, 90451, Control_c, 1, 7, 123
3, 90696, Note_on_c, 1, 75, 0
3, 90720, Note_on_c, 1, 76, 100
3, 91019, Control_c, 1, 7, 124
3, 91585, Control_c, 1, 7, 125
3, 91656, Note_on_c, 1, 76, 0
3, 91680, Note_on_c, 1, 76, 100
3, 92136, Note_on_c, 1, 76, 0
3, 92160, Note_on_c, 1, 77, 100
3, 93770, Control_c, 1, 7, 124
3, 93883, Control_c, 1, 7, 123
3, 94054, Control_c, 1, 7, 122
3, 94224, Control_c, 1, 7, 121
3, 94337, Control_c, 1, 7, 120
3, 94507, Control_c, 1, 7, 119
3, 94678, Control_c, 1, 7, 118
3, 94791, Control_c, 1, 7, 117
3, 94961, Control_c, 1, 7, 116
3, 95131, Control_c, 1, 7, 115
3, 95244, Control_c, 1, 7, 114
3, 95415, Control_c, 1, 7, 113
3, 95585, Control_c, 1, 7, 112
3, 95699, Control_c, 1, 7, 111
3, 95868, Control_c, 1, 7, 110
3, 95982, Control_c, 1, 7, 109
3, 96152, Control_c, 1, 7, 108
3, 96322, Control_c, 1, 7, 107
3, 96436, Control_c, 1, 7, 106
3, 96606, Control_c, 1, 7, 105
3, 96776, Control_c, 1, 7, 104
3, 96889, Control_c, 1, 7, 103
3, 96936, Note_on_c, 1, 77, 0
3, 96960, Note_on_c, 1, 75, 100
3, 97416, Note_on_c, 1, 75, 0
3, 97440, Note_on_c, 1, 73, 100
3, 97896, Note_on_c, 1, 73, 0
3, 97920, Note_on_c, 1, 78, 100
3, 99816, Note_on_c, 1, 78, 0
3, 99840, Note_on_c, 1, 77, 100
3, 100296, Note_on_c, 1, 77, 0
3, 100320, Note_on_c, 1, 77, 100
3, 100776, Note_on_c, 1, 77, 0
3, 100800, Note_on_c, 1, 77, 100
3, 102696, Note_on_c, 1, 77, 0
3, 102720, Note_on_c, 1, 75, 100
3, 103176, Note_on_c, 1, 75, 0
3, 103200, Note_on_c, 1, 75, 100
3, 103656, Note_on_c, 1, 75, 0
3, 103680, Note_on_c, 1, 75, 100
3, 104616, Note_on_c, 1, 75, 0
3, 104640, Note_on_c, 1, 73, 100
3, 105096, Note_on_c, 1, 73, 0
3, 105120, Note_on_c, 1, 75, 100
3, 106056, Note_on_c, 1, 75, 0
3, 106080, Note_on_c, 1, 73, 100
3, 106536, Note_on_c, 1, 73, 0
3, 106560, Note_on_c, 1, 75, 100
3, 107496, Note_on_c, 1, 75, 0
3, 107520, Note_on_c, 1, 65, 100
3, 107976, Note_on_c, 1, 65, 0
3, 108960, Note_on_c, 1, 65, 100
3, 109416, Note_on_c, 1, 65, 0
3, 109440, Note_on_c, 1, 68, 100
3, 109896, Note_on_c, 1, 68, 0
3, 109920, Note_on_c, 1, 66, 100
3, 110376, Note_on_c, 1, 66, 0
3, 122400, End_track
0, 0, End_of_file